A200114_v01.txt_2.txt	우리 나라의 계절과 날씨	한국음 사계절이 뚜렸합니다. 한국의 봄은 날씨가 따끚합니다. 4월에는 꽃이 많이 핍니다. 사람들은 산에 고공으로 꽃구경을갑니다. 한국의 여름에은 날씨가 덥고 비도 자주 옵니다. 특히 비가 많이 내립니다. 장마철이라고 끝나고 7월 말 8월 초는 무첵 덥습니다. 사람들이 바다와 산으로 휴가를 떠납니다. 집에서 잠을 잡니다. 한국의 가을 날씨가 지금 줍니다. 사람들이 산에 자주 갑니다. 당풍이 봅니다. 한국계울에은 날씨가 아주 줍니다. 그래서 눈이 많이 옵니다. 사람들은 스키장에 갑니다. 아이들은 난사랑이 합니다. 눈이 아주 예쁩니다. 그래서 한국음 사계절이 뚜렸합니다. 한국음 사계절이 예쁘고 재미있습니다.	50	A2
A200087_v01.txt_2.txt	우리 나라의 계절과 날씨	홍콩 사계절은 뚜럿합니다. 봄 날씨가 따뜻하고 습도는 높습니다. 3, 4월에는 공원 곳곳에 꽃이 많이 핍니다. 사람들을 공원에 가서 꽃을 구경합니다. 여름 날씨가 덥습니다. 특히 8월에는 아주 덥고 비가 많이 옵니다. 날씨가 더우니까 사람들을 바다나 수영장에 갑니다. 그래서 바다와 수영장 사람이 많습니다. 가을 날씨가 시원합니다. 11월에는 특히 건조합니다. 산에 단퐁을 아주 예쁩니다. 사람들을 산에 단퐁을 구경하러 갑니다. 겨울 날씨가 춥고 바람을 많이 붑니다. 날씨가 추우니까 사람들을 자주 가족들하고 찌개를 먹습니다.	90	A2
A200051_v01.txt_2.txt	우리 나라의 계절과 날씨	저는 우리 나라의 계절 아주 좋아합니다. 날씨는 더우니까 사람들이 많이 수영장에 갈 겁니다. 꽃이 많이 핍니다. 아주 예쁩니다. 사람들은 꽃이 구경을 할 겁니다. 날씨는 덥때마다 바다 앞에서 사람들이 수영을 할 겁니다. 어런은 놀이 할 겁니다. 날씨는 추우니까 우리나라 눈이 올 겁니다. 사람들은 많이 눈싸움 하나 집에서 쉬세요. 눈이 보러 집에 나가요.	40	A2
A200143_v01.txt_2.txt	우리 나라의 계절과 날씨	일본의 사계절은 뚜렷합니다. 일본 봄은 따뜻합니다. 벚꽃이 많이 핍니다. 그래서 사람들은 공원에 가서 벚꽃을 구경이나 산으로 갑니다. 가을에는 무덥고 비도 옵니다. 불꽃 놀이가 많이 있습니다. 그래서 사람들은 자주 불꽃놀이를 갑니다. 일본 거을에는 시원하고 맛있는 음식이 많이 있습니다. 그래서 욕식의 거을라고 합니다. 겨울에는 춥고 눈도 내립니다. 그래서 사람들은 스카를 타러 스키장에 많이 갑니다. 아이들은 눈 사람을 많이 만듭니다.	90	A2
A200152_v01.txt_2.txt	우리 나라의 계절과 날씨	우리 나라의 4계절 있습니다. 3월부터 5월까지 붐에였습니다. 6월부터 8월까지 여름에 였습니다. 9월부터 11월까지 가을에 였습니다. 12월부터 2월까지 겨울에 였습니다. 붐에 날씨가 따뎃합니다. 여름에 날씨가 덥습니다. 가을에 날씨가 쌀쌀합니다. 겨울에 날씨가 아주 춥습니다. 붐에 특징은 꽃이 많이 빈니다. 여름에 비가 많이 내립니다. 가을에 당풍이 많이 있습니다. 겨울에 눈이 산에 내립니다. 우리 나라의 사람들은 보통 봉에 꽃 구경을 갑니다. 여름에 비치 앞에 수영을 합니다. 가을에 당풍의 구경을 갑니다. 겨울에 산에 시키를 탑니다.	60	A2
A200214_v01.txt_2.txt	우리 나라의 계절과 날씨	일본에는 사계절이 뚜렷합니다. 봄의 날씨가 따뜻합니다. 꽃이 많이 피고 아름답습니다. 특히 벚꽃이 아름답습니다. 사람들이 벚꽃 구경을 하러 공원에 갑니다. 여름에는 비가 많이 옵니다. 비가 많이 온 계절에는 장마철이라고 말합니다. 장마철이 끝나면 아주 덥습니다. 그래서 사람들은 산이나 바다에 자주 갑니다. 가을의 날씨는 시원합니다. 단풍이 아름답습니다. 특히 단풍나무는 색갈이 다양하고 아름답습니다. 겨울에는 눈이 옵니다. 특히 동 일본에서 많이 옵니다. 겨울에는 너무 추워서 사람들은 아주 언청에 갑니다. 또는 스키장에 가서 스키를 탑니다.	80	A2
A200223_v01.txt_2.txt	우리 나라의 계절과 날씨	지금 홍콩의 계절을 소개하겠습니다. 홍콩은 네 겨절은 있습니다. 붐에는 3월 초부터 5월 말까지입니다. 날씨가 아주 십기 때문에 집에서 제습기를 자주 컵니다. 그리고 비고 조금 내립니다. 하지만 사람들이 등산을 좋아합니다. 여름에는 보통 6월부터 8월까지 입니다. 홍콩 여름에는 더무 덥습니다. 그리고 비가 많이 오고 태풍도 자주 붑니다. 여름에는 가장 좋아하는 활동을 수영입니다. 사람들이 피서하기 위해서 해변으로 많이 갑니다. 가을에는 9월 말부터 11월까지 입니다. 날씨가 아주 시원합니다. 바람이 많이 불어서 사람들이 소풍하면서 면을 내리는 것을 좋아합니다. 날씨가 잘 좋아하기까 사람들이 밖에는 활동은 많습니다. 그리고 마지막 계절입니다. 겨울은 12월부터 2월말까지입니다. 날씨가 많이 춥지 않아서 눈이 안 내립니다. 그래서 사람들이 눈이 있는 나라로 여행을 하거나 홍콩에 있는도 있습니다. 겨울은 잘 좋아하는 음식은 핫팟입니다. 핫팟을 먹으면 몸이 따뜻하고 사람들과 같이 기분이 시간도 보냅니다. 홍콩 계절이 많이 덥지 안도 춥지 않습니다. 그래서 저는 홍콩 계절은 아주 좋아합니다.	60	A2
A200109_v01.txt_2.txt	우리 나라의 계절과 날씨	제 나라는 일본입니다. 일본의 계절은 한국과 비슷합니다. 3월부터 5월이 봄, 6월부터 8월이 여름, 9월부터 11월이 가을, 12월부터 2월이 겨울입니다. 봄에는 날씨가 따뜻하고, 꽃이 많이 빕니다. 사람들은 공원이나 산에 가서 꽃을 구경합니다. 여름에는 날씨가 덥습니다. 7월말부터 8월말까지 학생들은 휴가입니다. 사람들은 바다나 산에 가서 즐겁게 놉니다. 가을에는 날씨가 시원하고 하늘이 맑습니다. 단풍이 아름답습니다. 사람들은 단풍구경을 하러 산에 갑니다. 겨울에는 날씨가 춥습니다. 일분의 북쪽에서는 눈이 옵니다. 사람들은 스키장에 가서 스키를 합니다.	80	A2
A200247_v01.txt_2.txt	우리 나라의 계절과 날씨	홍콩은 네 개 계절이 있습니다. 봄은 보통 3월부터 5월까지입니다. 날씨가 따뜻하면선 비가 가끔 내립니다. 꽃이 많이 있어서 사람들은 사진을 찍기 위해서 꽃축제에 갑니다. 여름에는 6월 보통 9월까지 갈씨가 너무 덥습니다. 비가 많이 내리고 폭후가 내럽니다. 사람들이 피서하기 떄문에 항상 바다 가서 수영합니다. 가을에는 10월부터 11월까지입니다. 날씨가 여름보다 덥지 않습니다. 그래서 사람들이 등산을 가거나 여행을 갑니다. 겨울에는 12월부터 2우러까지입니다. 눈이 않내리지만 날씨가 춥습니다. 그래서 사람들은 좋아하는 것은 친구하고 집에서 같이 먹는 홍콩 셔부셔부입니다. 셔부셔부를 먹으면 따뜻해졌습니다.	70	A2
A200237_v01.txt_2.txt	우리 나라의 계절과 날씨	일본에서는 봄, 여름, 가울, 게전 4개 계절이 있습니다. 봄은 보통 3월부터 5월까지입니다. 봄은 조금 춥습니다. 4월에는 사람들은 꽃을 보기 위해서 꽃구경에 갑니다. 여름은 6월부터 8월까지입니다. 여름은 덥습니다. 6월에는 비가 많이 내립니다. 8월에는 사람들은 더기 때문에 피서에 갑니다. 가울은 9월부터 11월까지입니다. 가울에는 단풍이 시작합니다. 단풍이 시작하면 사람들은 단풍구경에 갑니다. 계절은 12월부터 2월까기입니다. 게진은 춥습니다. 12월에 는이 내릴 떄에는 단풍이 없어집니다. 는이 많이 내리면 사람을은 스키를 타거나 스노보드 타기 위해서 스키장에 갑니다.	80	A2
A200116_v01.txt_2.txt	우리 나라의 계절과 날씨	내 고향은 아름다운 도시이에요. 봄에는 날씨가 따뜻합니다. 날씨가 좋아서 친구하고 공원에 항상 갑니다. 기분이 좋습니다. 여름에는 날씨가 진짜 더워서 사람들은 집에서 나가지 않습니다. 그런데 휴일이 있으면 많이 사람은 수영장에 수영하러 갑니다. 겨울에는 날씨가 시원합니다. 그런데 바림이 자주 불어서 진짜 싫습니다. 바람이 있었으면 좋겠습니다. 내가 가장 좋아하는 계절은 가을이에요. 날씨가 춥지만 많이 지방에 놀려 갈 수 있습니다. 눈이 왔으면 친구하고 같이 공원에서 눈사람을 만들이거나 눈싸움을 합니다. 재미있는 일이 많아서 사을은 가장 좋아합니다.	80	A2
A200231_v01.txt_2.txt	우리 나라의 계절과 날씨	저는 스웨덴에서 온 사람입니다. 스웨덴은 한국처럼 계절 다섯 개 있습니다. 봄, 여름, 가을, 겨울입니다. 스웨덴 봄은 따뜻하면서 아름다운데 추운 날도 있습니다. 봄에는 꽃들이 많이 피기 떄문에 냄새가 좋고 새랑 나비가 많습니다. 스웨덴 봄은 삼월에 시작하고 오월에 끝납니다. 그 동안 날씨가 계속 더 더워져서 사람들이 많이 나가서 산책하거나 놉니다. 봄은 유월에 끝나서 여름은 시작합니다. 여름에는 날씨가 덥거나 비가 많이 내립니다. 날씨가 좋으면 사람들이 보통 피서를 하러 바닷가로 갑니다. 저녁에는 더우니까 밖에서 술을 마시는 사람들이 많습니다. 팔월에 여름이 끝나서 가을이 시작합니다. 가을은 완전 시원하고 바람이 자주 붑니다. 스웨덴 사람이 보통 가을을 싫어합니다. 그래서 집에서 책을 읽거나, 영화를 보거나, 쉽니다. 건강하게 살기 위해서 헬스장에 가서 운동합니다. 밖이 추우니까요.	80	A2
A200204_v01.txt_2.txt	우리 나라의 계절과 날씨	제 나라의 계절은 다양해서 제 고향은 이야기를 합니다. 제 고향의 4계절은 덥고 비가 많이 옵니다. 봄, 여름, 거을과 겨울은 사람들이 바다나 등산을 하러 갑니다. 사람들이 4계절에 여행을 하거나 일합니다.	60	A2
A200249_v01.txt_2.txt	우리 나라의 계절과 날씨	우리 나라에 계절이 4개 있습니다. 봄은 3월부터 5월까지입니다. 봄에 날씨는 땃뜻하거나 춥습니다. 보통 땃뜻하기 때문에 사람들은 꽃 구경을 갑니다. 여름은 6월부터 8월까지입니다. 여름에 날씨가 진짜 도우면 우리는 피서를 가거나 아이스크림을 먹습니다. 우리의 여름에는 비가 안 내립니다. 그리고 겨울은 9월부터 11워까지입니다. 겨울은 춥지 않습니다. 하지만 비가 많이 옵니다. 비가 오면서 사람들이 카페에서 커피를 마시고 좋아합니다. 근데 가을은 아주 춥습니다. 우리 나라에 가을은 12우러부터 2월까지입니다. 눈이 오기 위해서 사람들이 스키장에 가거나 눈사람을 만듭니다.	70	A2
A200062_v01.txt_2.txt	우리 나라의 계절과 날씨	제 나라가 중국입니다. 중국에서 계절이 뚜렸햅니다. 중국에서 붐에는 따뜻습니다. 꽃이 많이 핍니다. 시람들이 붐에 고궁으로 꽃이 구경 햅니다. 여름에는 날씨가 덥고 비가 많이 왔습니다. 중국 시람이 비가 너무 싫어습니다. 집에서 잘거나 책을 읽습니다. 중국에서 7월에는 정미철이라고 햅니다. 가을에는 날씨가 씰씰하고 하늘이 많습니다. 그래서 산에 당풍을 구경합니다. 겨울에는 날씨가 너무 춥습니다. 눈이 많이 내려서 아이들이 눈시림 만듭니다. 중국겨울을 한국겨울보다 춥습니다. 그래서 시림이 옷을 많이 입습니다.	60	A2
A200029_v02.txt_2.txt	우리 나라의 계절과 날씨	일본에는 한국처럼 계절이 4개 있습니다. 예를 들면, 봄, 여름, 가을, 겨울가 있습니다. 봄은 보통 1월부터 3월까지, 여름는 4월부터 6월까지, 가을는 7월부터 9월까지, 겨울는 10월부터 12월까지 입니다. 봄은 따뜻하고 많이 꽃이 핍니다. 그래서 많은 사람들은 오사카성 근처에서 꽃구경을 합니다. 그 장소에 가면 밤에는 조명을 예쁘게 켜기 때문에 인기가 많습니다. 여름는 업고 30도 이상의 날이 계속됩니다. 그래서 사람들은 더위를 피하기 위해서 피서를 가거나 파닷가에서 BBQ를 합니다. 가을 초에는 조금 덥지만 조금씩 추워해집니다. 단풍이 아름다워서 많은 사람들이 단풍을 보러 쿄토에 갑니다. 쿄토는 단풍 구경을 하러 가는 제일 유명한 도시 입니다. 차를 마시면서 떡을 먹으면 아주 행복합니다. 겨울은 별로 눈이 내리지 않지만 날씨가 춥습니다. 그래서 많은 사람들은 온천에 가는 것이 가장 좋습니다.	70	A2
A200032_v02.txt_2.txt	우리 나라의 계절과 날씨	제 고향은 홍콩입니다. 홍콩에는 계절이 네 개 있습니다. 보통 3월부터 5월까지 봄입니다. 봄에는 따뜻합니다. 해마다 5월에 날씨가 더워집니다. 날씨가 더워지고 있으면 여름이 오고 있습니다. 홍콩에는 보통 6월부터 8월까지 여름입니다. 여름에는 날씨가 너무 덥습니다. 태품이 만ㅅㅎ이 불고 폭우도 자주 내립니다. 태품과 폭우가 안 오면 사람들이 피서를 하기 위해서 수영장이나 바다에 수영을 하러 갑니다. 가을에는 보통 9우러부터 11월까지 입니다. 가을에는 날씨가 시원해져서 사람들이 자주 바비큐를 하러 시골에 갑니다. 하지만 바비큐를 하면서 화재를 쉽게 있습니다. 그래서 바비큐를 할 때 꼭 조심해야 됩니다. 겨울에는 보통 12월부터 2월까지입니다. 홍콩에 너무 춥지 않기 때문에 눈이 내리지 않습니다. 그래서 사람들이 눈을 보기 위해서 다른 눈이 내릴 수 있는 나라에 갑니다.	70	A2
A200005_v01.txt_2.txt	우리 나라의 계절과 날씨	일본은 세계절이 뚜렷합니다. 봄은 따뜻하고 맑습니다. 꽃이 많이 핍니다. 사람들은 꽃구경을 하러 산에 갑니다. 여름은 너무 덥고 비가 내립니다. 사람들은 바다에 가서 수영을 합니다. 수박도 많이 먹습니다. 가울을 시원하고 쌀쌀합니다. 날씨는 맑습니다. 단풍이 아주 아름답니다. 사람들은 단풍을 구경하러 산에 갑니다. 겨울은 너무 춥니다. 눈도 내립니다. 아이들은 눈사람을 만들거나 눈싸움을 합니다. 어른들은 스키를 타러 스키장에 갑니다.	90	A2
A200200_v01.txt_2.txt	우리 나라의 계절과 날씨	일본은 사계절이 뚜렷합니다. 봄은 따뜻하고 꽃이 많이 핍니다. 그래서 사람들은 꽃 구경하러 공원에 갑니다. 여름은 아주 덥고 비가 많이 옵니다. 사람들은 바다나 수영장에 갑니다. 가을은 시원하고 맑습니다. 단풍이 아주 예쁩니다. 그래서 사람들은 단풍 구경하러 산에 갑니다. 겨울은 아주 춥습니다. 그리고 눈이 많이 옵니다. 사람들은 스키장에 가서 스키를 탑니다. 아이들은 밖에서 눈사람을 만듭니다.	90	A2
A200081_v01.txt_2.txt	우리 나라의 계절과 날씨	우리나라에 계절있습니다. 봄은 따뜻합니다. 그리고 사람들의 수업하고 일은 근나고 시골로 말우유를 먹으러 갑니다. 여름은 덥고 비가 많이 옵니다. 그래서 사람들은 바다에 갑니다. 몽골 바다는 많이 깨끗합니다. 가을 날씨가 서닐하고 바람이 많이 붑니다. 어린들이 수업은 시작해서 어린어 기분은 아주 좋아합니다. 겨울은 줍고눈이 많이 내립니다. 그래서 사람들은 보통 스크장이나 여행을 갑니다. 어린들은 눈으러 눈사람을 만듭니다.	60	A2
A200209_v01.txt_2.txt	우리 나라의 계절과 날씨	저는 한국에서 왔습니다. 한국 계절이 아주 다양합니다. 여름이 아주 덥고 겨을이 너무 춥습니다. 한국의 봄하고 가울은 아주 예쁘러 외국인이 많이 옵니다. 봄에는 꽃이 많이 빕니다. 가울에 단풍이 많이 있습니다. 여름에는 비가 많이 옵니다. 겨을에는 기온이 진찌 적습니다. 자주 영하입니다. 눈이 많이 옵니다. 사람이 스키장에 가서 스키합니다. 스키장에서 스키하거나 퍼드합니다. 재미있습니다.	70	A2
A200128_v01.txt_2.txt	우리 나라의 계절과 날씨	한국은 사계절이 뚜렷합니다. 한국의 봄은 날씨가 따뜻합니다. 4월에는 꽃이 많이 핍니다. 사람들은 봄에 고궁으로 꽃 구경을 갑니다. 여름에는 날씨가 덥고 비도 자주 옵니다. 특히 비가 많이 내리는 때를 장마철이라고 합니다. 사람들이 바다와 산으로 휴가를 떠납니다. 가을에는 날씨가 시원하고 하늘이 맑습니다. 10월에는 단풍이 아주 아름 답습니다. 겨올은 아주 춥고 논도 많이 내립니다. 아이들은 눈싸움도 하고 눈사람도 만듭니다. 스키를 타기 위해서 스키장에도 많이 갑니다.	40	A2
A200120_v01.txt_2.txt	우리 나라의 계절과 날씨	제 고영의 사계절은 뚜렷합니다. 고영의 봄은 3월, 4월, 5월입니다. 날씨가 시원하고 꽃을 많이 핍니다. 사람들은 보통 과일을 가지고 공원에 소풍합니다. 여름에 6월, 7월, 8월입니다. 날씨가 덥고 습합니다. 6월 말부터 7월 말까지 비가 많이 옵니다. 8월에는 너무 더워서 학생들이 학교에 가지 않습니다. 주로 산에 휴가를 떠납니다. 가을은 9월, 10월, 11월입니다. 날씨가 너무 춥지 않습니다. 그리고 단풍이 많습니다. 사람들은 단풍 구경으로 산이나 공원도 갑니다. 겨울은 12월, 1월, 2월입니다. 날씨가 춥고 눈이 옵니다. 저는 겨울을 특히 좋아해요. 겨울에는 친구하고 눈싸움하고 눈사람을 만들어요. 너무 행복해요.	90	A2
A200030_v02.txt_2.txt	우리 나라의 계절과 날씨	프랑스에서 계절이 4개 있습니다. 봄, 여름, 가을, 겨울 입니다. 봄은 3월 부터 5월 까지입니다. 비가 내리거나 바람이 부릅니다. 여름은 6월 부터 8월 까지 입니다. 날씨가 더워졌서 보통 사람들은 수영하리 위해서 바다에 갑니다. 가을은 9월 부터 11월 까지입니다. 날씨가 줍지 안으면 사람들은 등산에 갑니다. 겨울은 12월 부터 2월 까지 입니다. 바께 나가서 날씨가 줍군 입니다. 눈이 내리기 때문에 여자 들은 책을 읽습니다. 남자들은 눈사람은 남들었고 눈 사웠습니다. 여름 오기 전에 운동을 많이 했지만 똑똑한해졌습니다. 수영 할 때마다 화장품을 피료없습니다. 차전거를 탈 때도 헬머스를 쓰면 좋겠습니다. 아들 이야기를 믿지 마세요. 꼭 할게요.	30	A2
A200225_v01.txt_2.txt	우리 나라의 계절과 날씨	홍콩의 봄은 3월부터 5월까지입니다. 봄은 비가 많이 내리기 떄문에 습도가 높습니다. 그래서 사람들은 집에서 제습기를 자주 사용합니다. 여름은 6월부터 9월까지이고 여름 기간이 아주 깁니다. 홍콩은 바다 옆에 있어서 태풍이 많이 풀면서 폭우도 많이 옵니다. 하지만 비가 오지 않으면 많은 사람들을 해수유장에 수영을 하려고 갑니다. 홍콩의 가을은 10월부터 11월까지입니다. 가을 기간이 조금 짧지만 날씨가 시원합니다. 그래서 사람들을 자주 등산을 하거나 여행을 갑니다. 홍콩의 셔울은 12월부터 2월까지입니다. 한국보다 홍콩은 시원합니다. 눈이 내리지 않지만 가끔 서리가 내립니다. 사람들은 겨울에 전골을 많이 먹습니다. 전골을 먹은 후에 몸이 따뜻해집니다.	80	A2
A200251_v01.txt_2.txt	우리 나라의 계절과 날씨	제 고향에는 계절이 4개 있습니다. 봄이 3월부터 5월까지입니다. 날씨가 겨울보다 많이 따뜻해졌습니다. 봄에는 꽃이 핍니다. 사람들이 꽃구경하러 산에 갑니다. 여름이 6월부터 8월까지입니다. 날씨가 덥기 때문에 사람들이 바다에 가거나 방안내 수박을 먹습니다. 그리고 여름이 태풍도 자주 붑니다. 다음은 가을입니다. 9월부터 11월까지입니다. 가을에는 날씨가 시원합니다. 비가 없기 위해서 사람들이 그 동안 국내 여행에 많이 갑니다. 마지막 계쩔이 겨울입니다. 12월뿌터 2월까지입니다. 눈이 오지 않지만 날씨가 춥니다. 겨울에는 비가 자주 내립니다. 사람들이 겨울에 가장 좋아하는 것이 훠꿔입니다. 훠꿔는 대만식 찌개입니다. 가족이나 친구들이하고 훠꿔를 먹으면서 이야기를 하는 것이 몸도 따뜻하고 마음도 따뜻합니다. 이번 방학에 맛있는 훠꿔를 먹을 수 있으면 좋겠습니다.	70	A2
A200002_v01.txt_2.txt	우리 나라의 계절과 날씨	일본의 계절은 한국과 아주 비슷해요! 봄은 3월, 4월, 5월입니다. 봄은 날씨가 따뜻하고 꽃을 많이 핍니다. 사람들은 날씨가 좋아서 꽃을 구경하러 산에 갑니다. 여름은 6월, 7월, 8월 입니다. 여름은 한국보다 덥습니다. 그래서 일본사람은 바다에 가거나 산에 자주 갑니다. 수박도 많이 먹을 겁니다. 6월은 장마철이라서 비가 매일 올 겁니다. 가을은 9월, 10월, 11월입니다. 날씨가 서늘하고 좀 쌀쌀합니다. 단풍이 너무 아름다워서 사람들이 산에 보러 갑니다. 겨울은 12월, 1월, 2월입니다. 겨울은 한국보다 좀 춥지 않을 겁니다. 제 고향은 눈이 별로 오지 않습니다. 12월 말은 사람들이 새년의 준비를 합니다. 그래서 조금 바쁩니다.	80	A2
A200129_v01.txt_2.txt	우리 나라의 계절과 날씨	중국을 사계절이 뚜렷합니다. 중국의 봄은 날씨가 따뜻합니다. 저는 봄이 좋아요. 꽃이 많이 핍니다. 그래서 사람들이 꽃 구경을 갑니다. 그리고 동산을 갑니다. 여름은 아주 덥습니다. 사람들이 자주 땀이 납니다. 사람들이 아스크림을 많이 먹습니다. 가울은 날씨가 씰합니다. 담품 너무 예뻐요. 겨울을 12, 1, 2, 월 입니다. 겨울은 무축 춥니다. 눈이 오는 날에 사람들이 스키장에 갑니다. 공원 가서 눈사람을 만들습니다. 우리 나라의 계절이 정말 아름답니다. 경치이나 장소 모두 예뻡니다. 사람들이 공원에서 공부러 쉽니다!	60	A2
A200036_v02.txt_2.txt	우리 나라의 계절과 날씨	제 고향에는 계절이 네 개 있습니다. 봄은 보통 3월부터 4월까지입니다. 봄에는 꽃이 많이 피고 날씨가 따뜻합니다. 그래서 사람들은 꽃구경을 갑니다. 하지만 봄에는 꽃 가루가 많이 날리기 때문에 건강이 나빠집니다. 5월부터 8월까지는 여름입니다. 여름에는 장마철이 있고 날씨가 덥습니다. 장마가 끝나면 날씨가 더워집니다. 그래서 여름도 잘 지내기 위해서 사람들은 밥을 많 먹거나 피서에 자주 갑니다. 가을은 보통 9월부터 11월까지입니다. 가을은 날씨가 시원하고 단풍이 아름답습니다. 그래서 사람들은 단풍 구경을 자주 갑니다. 하지만 특히 9월에는 태풍이 많이 불기 때문에 위험합니다. 보통 12월부터 2월까지는 겨울입니다. 겨울은 날씨가 춥고 눈이 많이 내립니다. 그래서 아이들은 매일 밖에서 눈사람을 만들거나 눈싸움을 합니다. 그리고 제 고향에는 눈이 특히 많이 내리기 때문에 사람들은 집의 지붕에서 눈을 털어야 합니다.	90	A2
A200133_v01.txt_2.txt	우리 나라의 계절과 날씨	대만의 계절이 자주 좋습니다. 봄에 날씨가 따뜻하고 맑습니다. 사람들이 꽃을 구경합니다. 여름에서 장마철에 비가 많이 옵니다. 그리고 날씨가 아주 덥습니다. 사람들이 수영장으러 갑니다. 겨을에 날씨는 시원하고 좋압니다. 사람들은 산에 가서 단풍을 구경합니다. 대만의 구울에 눈을 안 내리지만 바람이 붑니다. 날씨가 노무 춥습니다. 사람들은 달을 구경하거나 온청장에 갑니다. 대만의 꽃이 정말 예쁩니다. 괄일도 달하고 맛있습니다.	60	A2
A200211_v01.txt_2.txt	우리 나라의 계절과 날씨	저는 싱가포르에서 왔습니다. 싱가포르는 섬이고 계절은 한개만 있습니다. 그 계절은 여름입니다. 싱가포르의 여름이 아주 덥고 많이 비가 옵니다. 보통 아침 최저 기온은 24도이고 낮 최고 기온은 33도입니다. 우리나라 6월부터 8월까지 특히 덥습니다. 낮 최고 기온은 35도입니다. 더우니까 사람들이 자주 백화점이나 바다에 갑니다. 백화점에 가서 쇼핑를 하거나 영화를 봅니다. 11월부테 2월까지 날씨는 6월부터 8월까지보다 시원합니다. 하지만 낮 최고 기온은 28도입니다. 다른 나라보다 덥습니다. 그래서 싱가포르 사람은 휴가고 돈이 있으면 춥은 나라에 영행을 갑니다. 많이 사람은 눈이 구경러 한국에 옵니다. 한국에서도 스키 하거니 눈사람은 만들습니다.	80	A2
A200136_v01.txt_2.txt	우리 나라의 계절과 날씨	일본 꼐절을 아주 좋아합니다. 일본 봄은 날씨가 떠뜻합니다. 봄에는 꽃이 많습니다. 그래서 사람들은 꽃 구경이러 책산이나 산에 갑니다. 열음은 아주 더워서 사람들은 바다에 갑니다. 그리고 열음에는 수박을 많이 먹고 맥주를 마십니다. 거을 날씨는 시원합니다. 거을에는 당풍이 예프고 멋있어습니다. 그래서 사람들이 당풍 구경이러 산에 갑니다. 일본 겨을은 눈이 많이 내려습니다. 여을 날씨는 추워서 옷을 많이 입습니다. 아이들이 눈사람을 만들었습니다.	60	A2
A200207_v01.txt_2.txt	우리 나라의 계절과 날씨	대만의 사계절은 뚜렷합니다. 봄에 따뜻하고 맑습니다. 3월말과 4월초는 벚꽃 많이 핍니다. 그래서 사람들이 벚꽃을 구경하러 갑니다. 여름에 아주 덥습니다. 그리고 여름에 장마철이나 태풍을 와서 비가 많이 내립니다. 학생들이 여름방학 때 수영장이나 바다에 자주 갑니다. 가을에 날씨가 아주 좋습니다. 낮에 좀 덥지만 밤에 쌀쌀합니다. 바람이 불어서 시원합니다. 가족이 여행러 산에 자주 갑니다. 겨울에는 아주 춥니다. 특히 1월은 비가 많이 내리고 가장 춥니다. 대만의 온전을 참 유명해서 사람들이 겨울에 온전을 많이 갑니다. 대만의 겨울에는 높은산에서만 눈이 내립니다.	80	A2
A200301_v01.txt_2.txt	우리 나라의 계절과 날씨	사우디 아라비이에는 계절이 두 개 있습니다. 여름과 겨울이있는데 여름은 6월부터 10월까지 입니다. 여름의 날씨는 덥고 건조합니다. 그래서 사람들은 영행을 가에서 바다에가서 수영하고 수박을 많이 먹습니다. 여름은 라마단있기때문에 아침에는 음식을 안 먹고 밤에는 음식을 먹습니다. 라마단 끝나면 이드입니다. 그리고 겨울은 11월부터 5월까지입니다. 겨울에는 사람들은 사이나검을 테트를 바뻐.	50	A2
A200310_v01.txt_2.txt	우리 나라의 계절과 날씨	제 고향의 계절을 소개하겠습니다. 일본의 계절은 4개 있기 때문에 사계절이라고 합니다. 봄은 3월부터 5월입니다. 따뜻해서 벚꽃이 많이 핍니다. 일본 사람들이 벗꽃을 구경하면서 식사를 하거나 파티를 합니다. 여름은 6월부터 8월입니다. 여름에는 가끔 태풍이 옵니다. 그리고 더워서 수영을 하기 위해서 바다에 갑니다. 일본 사람들은 축제가 좋아해서 불꽃 축제가 많습니다. 가을은 9월부터 11월입니다. 시원해서 단풍이 아릅다웁니다. 주로 산에 가면 아름다운 단품을 볼 수 있습니다. 계울은 12월부터 2월입니다. 특히 제 고향은 눈이 많이 옵니다. 하지만 점점 눈이 많지 않아졌습니다. 계울에는 정말 추워서 눈이 많습니다. 스키를 타거나 눈집을 만들 수 있습니다. 일본 계절은 한국계절과 비슷한 것 같습니다.	90	A2
A200003_v01.txt_2.txt	우리 나라의 계절과 날씨	일본의 봄에 날씨가 다뜻합니다. 4월 꽃이 많이 있습니다. 그래서 사람들이 꽃 구경을 합니다. 여름에는 날씨가 더우니까 사람들은 바다에 갑니다. 8월 초 불꽃을 보러 간에 갑니다. 여기에서 수박을 먹습니다. 가울에 날씨가 쉬습니다. 9월부터 10월까지 대푼이 아주 예쁩니다. 특히 교토가 일제 예쁠 거예요. 사람들은 휴일에 대푼을 보러 산에 갑니다. 계울에는 춥고 눈이 많이 내려습니다. 사람들은 스키를 타러 스키장에 갑니다. 아이드른 눈사람을 만들습니다. 계울에 추우니까 사람들은 옷을 사서 많이 입습니다.	80	A2
A200095_v02.txt_2.txt	우리 나라의 계절과 날씨	일본은 한국처럼 사계절이 있습니다. 3월부터 5월은 봄입니다. 봄에는 따뜻하고 꽃이 많이 피웁니다. 그래서 사람들은 꽃구경을 갑니다. 하지만 꽃가루가 많기 때문에 힘들어 하는 사람도 있습니다. 6월부터 8월은 여름입니다. 너무 덥고 장마절이 있어서 구질구질한 날씨가 이어져서 힘듭니다. 여름에는 여러 곳에서 불꽃 축제가 열립니다. 불꽃 축제를 보면서 야키소바나 빙수를 먹습니다. 9월부터 11월은 가을입니다. 시원하고 점점 추워집니다. 단풍이 아름다워서 단풍구경을 갑니다. 맛있는 생선이나 버섯이 많아서 식욕의 가을이라고 합니다. 12월부터 2월은 겨울입니다. 너너무 추워서 눈이 내립니다. 눈이 내리면 아이들은 눈사람을 만들거나 눈싸움을 합니다. 계절 모두 좋아합니다.	90	A2
A200134_v01.txt_2.txt	우리 나라의 계절과 날씨	제 나라는 아주 큽니다. 그래서 제 고향의 계절은 소곌합니다. 3월부터 5월까지 봄입니다. 바람이 불어서 너무 춥니다. 사람들은 공원에 갑니다. 6월부터 9월까지 날씨가 너무 덥니다. 그래서 사람들은 산이나 바다에 갑니다. 등산거나 수영을 합니다. 10월부터 2월까지 날씨가 너무 춥니다. 바람이 불어서 눈이 많이 옵니다. 눈이 끝나고 눈사람 하러 공원에 갑니다. 아이들은 기분이 아주 좋아요. 저는 고향의 날씨 아주 좋아합니다. 눈이 아주 좋아합니다.	70	A2
A200139_v01.txt_2.txt	우리 나라의 계절과 날씨	제 나라에 계절 두만 있어요. 2월부터 9월까지 아주 뜨거워요. 날씨가 매일 맑아요. 더워서 사람들은 시간이 있으면 바다거나 강에 가요. 10월부터 1월까지 시원해요. 비가 많이 오고 바람이 블러요. 아이들이 보텅 비랑 놀아요. 사랑들이 그 날씨에 코피를 마시러 코피셥에 많이 가요.	50	A2
A200196_v01.txt_2.txt	우리 나라의 계절과 날씨	일본의 계절을 소개합니다. 3월부터 5월까지 봄입니다. 봄은 따뜻하고 벚꽃이 핍니다. 사람들은 벚꽃구경해서 밥을 먹었습니다. 벚꽃은 너무 아름답지만 바람이 부니까 집니다. 6월부터 8월까지 여름입니다. 여름은 덥고 장마철이 있습니다. 그리고, 휴가철에는 사람들은 바다나 강에 갑니다. 9월부터 11월까지 가을입니다. 가을은 시원하고 단풍이 아름답습니다. 그래서 사람들은 산에가서 사진을찍거나 단풍구경을 합니다. 12월부터 2월까지 겨울입니다. 겨울은 너무 춥고 가끔 눈이 옵니다. 그래서 사람들은 스키를 하러 스키장에 갑니다. 일본의 경울은 한국보다 춥지 않습니다. 저는 모두 계절을 좋아합니다.	90	A2
A200146_v01.txt_2.txt	우리 나라의 계절과 날씨	저는 중국에서 온 사람이 조단이라고 합니다. 우리 나라의 사계절은 뚜렷합니다. 봄에는 날씨가 따끗하고 공기도 아주 좋습니다. 꽃이 많이 핍니다. 사람들이 예쁜 꽃이 보러 공원에 갔습니다. 여름은 날씨가 정말 덥습니다. 사람들이 수영장이나 바다에 가서 계속 시원한 물안에 있었습니다. 여름은 더우니까 친구하고 같이 수박을 많이 먹었습니다. 아주 필요합니다! 가을에는 날씨가 시원하고 단풍도 아주 아름다워습니다. 우리 나라 사람들이 산이나 공원에 구경을 갑니다. 겨울에는 무척 추우니까 사람들이 운동거나 집에서 있었습니다. 하지만 제 아버지는 특별한 남자인 것 같아요. 겨울마다 수영을 좋았습니다. 특히 아이들이 겨울을 좋으니까 눈사람을 만듭시다. 저는 사계절은 모두 좋았습니다. 하지만 생활중에 여름은 특히 좋았습니다.	90	A2
A200078_v01.txt_2.txt	우리 나라의 계절과 날씨	우리니라는 계절을 봅 여름 가울 겨울이 있습니다. 가울은 당풍구경이 예뻐서 사람들을 동산에 갑니다. 여름은 해가 많고 너무덥니다. 여름에는 더우니까 사람들은 수영장이나 바다에 갑니다.	20	A2
A200090_v01.txt_2.txt	우리 나라의 계절과 날씨	대만에서 사 계절은 한국 보다 뚜렷하지 않습니다. 봄에 날씨가 따뜻하고 개습니다. 날씨는 좋아서 사람들이 등산을 많이 갑니다. 여름에 날씨가 아주 덥고 태풍이 많습니다. 사람들이 수영으러 바다에 갑니다. 가을에 날씨가 시원합니다. 날씨는 시원해서 사람들이 BBQ를 하거나 자정거를 탑니다. 겨울에 날씨가 춥습니다. 대만 사람은 보통 가죽하고 같이 집에서 찌개를 먹습니다. 서날 동안이니까 사람들이 고향에 돌아갑니다. 가죽이나 고향 친구를 만납습니나. 날씨는 춥지만 마음에 따뜻합니다. 그래서 저는 겨울을 체일 좋아합니다.	80	A2
A200212_v01.txt_2.txt	우리 나라의 계절과 날씨	일본은 사계절이 뚜렷합니다. 일본의 봄은 날씨가 따뜻하고 기분이 아주 좋아합니다. 교토에는 해마다 관광객들이 많이 옵니다. 관광객들은 벚꽃을 보러 옵니다. 여름은 아주 덥고 비가 많이 내립니다. 태풍도 옵니다. 하지만 불꽃 축제가 있어서 재미있습니다. 사람들은 바다나 산에 가서 휴가절을 지냅니다. 가을은 시원하고 일년에 제일 좋은 계절입니다. 단풍이 아주 아름다워서 관광객들이 많이 옵니다. 겨울은 아주 춥습니다. 사람들은 스키장에 가서 눈싸움을 합니다. 겨울은 아주 춥습니다. 사람들은 스키장에 가서 눈싸움을 합니다. 일본의 겨울은 한국의 겨울보다 춥지 않습니다. 일본과 한국의 계절은 비슷합니다.	90	A2
A200118_v01.txt_2.txt	우리 나라의 계절과 날씨	중국에서 네 계절은 아주 뚜렷합니다. 봄에 날씨가 따뜻합니다. 꽃이 많이 핍니다. 사람들이 공원가서 꽃을 구경합니다. 여름에 아주 덥습니다. 비가 많이 옵니다. 콕히 장마철에 비가 많이 옵니다. 날씨가 좋아하지 않습니다. 거울에는 날씨가 서늘합니다. 사람들이 구경하러 선을 갑니다. 산이나 바다가 갑니다. 겨울에 날씨가 춥니다. 사람들이 스케트를하고 눈 사람 만듭니다. 아주 재미이습니다.	70	A2
A200112_v01.txt_2.txt	우리 나라의 계절과 날씨	저는 중국 사람입니다. 중국 계절의 봄, 여름, 가을, 겨울이 있습니다. 봄의 날씨는 따뜻합니다. 꽃을 많습니다. 사람들이 꽃을 구경하러 공원에 갑니다. 여름의 날씨는 아주 덥습니다. 그래서 사람들이 수영장이나 바다에 갑니다. 날씨가 아주 더워서 수영을 합니다. 가을의 날씨는 신워합니다. 사람들이 여행을 합니다. 주로 구공에 갑니다. 구공에 사람이 많습니다. 중국의 구공을 많고 큽니다. 겨을의 날씨는 아주 춥습니다. 눈을 많이 옵니다. 사람들이 눈사람을 만들습니다. 스키장에 갑니다. 스키를 치고 커피를 마십니다. 아주 재미 있습니다.	60	A2
A200191_v01.txt_2.txt	우리 나라의 계절과 날씨	우리 나라는 봄과 가을이 따뜻하고 꽃도 아름답습니다. 일본은 여름이 너무 더워서 사람들은 산이나 바다에 갑니다. 6월부터 7월 초까지 비가 많이 내리고 날씨가 안 좋습니다. 10월부터 11월까지 거의 날씨가 맑고 쌀쌀합니다. 겨울에는 가끔 눈이 내려서 춥습니다. 3월 말부터 4월 초까지 꽃이 아름더워서 사람들은 꽃 구경에 갑니다. 겨울에는 사람들은 스키를 치러 스키장에 갑니다. 겨울방학에는 너무 추우니까 집에서 텔레비전을 보고 쉽니다. 여름에는 사람들은 수영을 하러 바다에 갑니다. 여름에는 너무 덥고 비가 많이 내립니다.	80	A2
A200305_v01.txt_2.txt	우리 나라의 계절과 날씨	제 고향은 일본입니다. 일본에서는 계절이 4개 있습니다. 봄은 3월부터 5월까지입니다. 봄에는 날씨가 따뜻합니다. 꽃이 많이 있습니다. 사람들은 꽃구경을 하러 갑니다. 꽃을 보면서 술을 마십니다. 여름은 6월부터 8월까지입니다. 6월은 장마이기 때문에 비가 많이 옵니다. 장마가 끝난 후에 날씨가 너무 더워집니다. 사람들은 피서에 가거나 불꽃을 봅니다. 가을은 9월부터 11월까지입니다. 날씨는 시원합니다. 가을에는 단풍이 너무 아름다워서 사람들이 단풍 구경을 갑니다. 일본에서도 유면한 장소가 많이 있습니다. 겨울은 12월부터 2월까지입니다. 날씨가 춥고 가끔 눈이 내립니다. 눈이 내리면 아이들은 눈사람을 만들거나 눈싸움을 합니다. 그리고 스키를 타러 갑니다.	80	A2
A200130_v01.txt_2.txt	우리 나라의 계절과 날씨	제 고향에 네 계절은 뚜렷합니다. 봄에 날씨가 따뜻하고 꽃도 핍니다. 사람이 꽃을 구경러 산을 갑니다. 산에 꽃을 많이 퍼서 아주 예쁩니다. 여름에는 덥고 비가 많이 옵니다. 특히 7월말, 8월초 더우니까 사람이 산나 바다에 갑니다. 가을에는 날씨가 시원합니다. 그리고 담풍도 있고 아주 아름답습니다. 학생들 많이 책을 읽기 때문네 날씨가 참 좋습니다. 겨울에는 춥고 눈도 많이 내립니다. 사람이 눈 사람을 만들고 눈싸움도 놉니다. 스키장에서도 탑니다. 아주 재미있습니다.	80	A2
A200155_v01.txt_2.txt	우리 나라의 계절과 날씨	일본 계절은 한국 계절와 비슷합니다. 봄은 날씨가 따뜻합니다. 꽃이 많이 피고 예쁩니다. 봄에는 사람들은 꽃구경에 많이 갑니다. 여름에는 자주 덥고 비가 많이 옵니다. 6월에 잔마철이 있습니다. 사람들은 바다나 산으로 휴가를 떠납니다. 가을에는 날씨가 시원합니다. 끌나를때 조금 쌀쌀합니다. 사람들은 산에 가서 단풍을 구경합니다. 또 사진을 찍으러 단풍을 구경합니다. 겨울은 춥습니다. 눈은 가끔 옵니다. 한국의 겨울보다 안 춥습니다. 사람들은 스키를 타러 산에 갑니다.	90	A2
A200259_v01.txt_2.txt	우리 나라의 계절과 날씨	제 고형는 하얼번입니다. 제 고형는 계절이 분명합니다. 봄에는 보통 4월부터 6월까지 봄입니다. 여름에는 7월부터 9월까지 여름입니다. 가을에는 9월부터 10월까지 가을입니다. 겨울에는 10월부터 3월까지 겨울입니다. 봄을 때 기온이 적당합니다. 너무 편안합니다. 부통 수양장에 사람이 많은 있습니다. 가을 할 떄 풍경이 진짜 아름답니다. 단풍나무의 단풍잎 떨어진 후에 아주 아름답니다. 겨울는 하얼빈의 대표성 겨절입니다. 왜냐하면 하얼빈 겨울에 날씨가 진짜 진짜 추웁니다. 겨울에 아이스티 임 먹으면서 아이스물을 마십니다. 이것는 하얼빈 겨울의 특징입니다. 겨울의 날씨가 최초 양하 36청도합니다. 날씨가 너무 추우하기 때문에 ㅓ피숍에 사라이 많은 있습니다. 사람이 많은 있습니다. 그래서 제고형는 진짜 좋아합니다.	30	A2
A200122_v01.txt_2.txt	우리 나라의 계절과 날씨	우리 나라의 계절은 뚜렷해요. 봄에 날씨가 너무 좋고 꽃이 많이 피워요. 그래서 사람들은 봄을 좋아해요. 꽃 계절라고 해요. 여름에 너무 더워요. 그래서 사람들은 많이 바다에 가서 수영을 해요. 그리고 이 계절에 부분 사람들은 다른 나라나 중국에 여행을 해요. 가을에 날씨가 서늘해요. 단풍이 너무 예뻐요. 사람들은 단풍이 보러 산에 가요. 겨울에는 추워서 눈이 많이 와요. 운전하면 너무 어려워요. 그런데 아이들은 기뻐해요. 항상 밖에서 눈사람을 만들거나 눈싸우를 해요.	90	A2
A200113_v01.txt_2.txt	우리 나라의 계절과 날씨	한국의 사계절이 뚜렸합니다. 한국의 봄은 날씨가 따뜻합니다. 4월에는 꽃이 많이 핍니다. 사람들은 봄에 꽃 구경을 가서 기분이 좋아요. 한국의 여름은 날싸가 덥고 비도 자주 옵니다. 특히 비가 많이 내리는 때를 장마철이라고 합니다. 사람들이 바다에 가거나 산으로 휴가를 떠납니다. 가을에는 날씨가 시원하고 하늘이 맑습니다. 10월에는 다풍이 아주 아름답습니다. 다풍 구경을 하기 위해서 내장산과 설악산에 많이 갑니다. 겨울은 아주 춥고 눈도 많이 내립니다 아이들은 눈싸움하러 학교에 갑니다.	80	A2
A200124_v01.txt_2.txt	우리 나라의 계절과 날씨	저는 중국에서 왔습니다. 중국의 사계절이 너무 뚜렷합니다. 봄에는 날씨가 따뜻합니다. 꽃을 많이 핍니다. 사람들이 항상 등산을 하거나 바다에 가습니다. 여름에는 날씨가 덥고 비도 많이 옵니다. 그래서 사람들이 일을 하지 않습니다. 사람들이 모두 시골에 가러 여행을 합니다. 가을에는 시원합니다. 사람들이 모두 기분이 좋습니다. 단풍이 아주 아름답습니다. 사람들이 항상 산이나 공원에 가습니다. 겨울에는 너무 춥지만 참 아름답습니다. 아이들이 밖에 가서 눈사람을 만듭니다. 그리고 눈싸움을 많이 합니다. 이이들이 겨울에 아주 좋아합니다. 저도 너무 좋아합니다.	80	A2
A200059_v01.txt_2.txt	우리 나라의 계절과 날씨	저는 죽국 사람입니다. 제 고향 계절을 아주 다양합니다. 봄에 아주 따뜻합니다. 꽃하고 나무 많이 있습니다. 첫둥번개가 있고 비가 왔습니다. 맑 날씨가 많습니다. 그래서 사람하고 같이 여행을 갑니다. 여름에 너무 덥습니다. 최고기온은 38도 있습니다. 사람 집에 가서 수박을 먹습니다. 가흘에 시원습니다. 단풍이 빨간새있습니다. 사람을 등산과 같이 단풍이 보립니다. 겨울에 아주 춥습니다. 눈이 많이 옵니다. 아이가 친구하고 같이 눈싸옴을 하거나 눈사람을 만듭니다. 제 공향 계절을 좋아합니다.	50	A2
A200309_v01.txt_2.txt	우리 나라의 계절과 날씨	우리 나라의 계절과 날씨입니다. 십이월부터 이월까지 봄입니다. 봄에 따뜻합니다. 꽃이 많이 펴서 사람은 봄 소풍을 갑니다. 아이가 연을 날립니다. 여름에 덥습니다. 밤에 비가 많이 옵니다. 밤에 비가 많이 오기 때문에 낮에 너무 덥습니다. 사람 푹이 내니기 위해서 피서를 갑니다. 삼월부터 오월꺄찌 여름입니다. 사람은 집에서 차를 마시거나 잠을 잡니다. 제가 고향에는 가을 육월부테 팔월까지입니다. 날씨가 시원합니다. 사람은 구채구에 가면 당푸 구경을 할 수 있습니다. 겨울에 구월부텨 십이월까지 눈이 안오면서 사람은 자주 등산을 갑니다. 날씨가 더우면서 매운 음식을 먹습니다. 저는 저의 계절과 날씨를 좋아합니다.	50	A2
A200093_v01.txt_2.txt	우리 나라의 계절과 날씨	싱가포르에서 사계절을 없습니다. 1월부터 12월까지 여름만 있습니다. 날씨가 덥고 항상 하루 종일 맑습니다. 날씨가 더워서 사람들이 자주 수영 장에 수영하러 갑니다. 그리고 사람들이 시원 음식도 너무 좋아합니다. 싱가프로 사람들 항상 아스크림나 아스가장을 먹습니다. 아스가장이 싱가포르 유명 음식입니다. 아스가장은 한국의 팝핑수와 비슷합니다. 아스가장은 달고 너무 시원 합니다. 6월말, 7월초에 장마철 입니다. 장마철 이니까 자주 비가 내립니다. 장마철에는 싱가포르 사람들이 항상 극장에서 영화를 보거나 백화점에서 쇼핑을 합니다. 장마철 때문에 사람들이 도 집에서 쉽니다. 저는 싱가포르의 날씨가 너무 좋아합니다. 날씨가 항상 좋으니까 저는 항상 밖에서 운동을 할 수 있습니다. 저는 매일 아침 일어나서 운동을 합니다. 마음이 너무 좋습니다.	100	A2
A200080_v01.txt_2.txt	우리 나라의 계절과 날씨	제 나라의 겨울은 너무 추워서 눈이 많이 내려요. 하루종일 거의 눈이 내려요. 기온은 언제나 -10쯤 입니다. 그래서 집안에서 생선찌게나 따뜻은 음식을 많이 먹습니다. 옷을 많이 입어요. 아이들은 눈사람을 만들어요. 눈집도 많들어요. 특징은 눈에서 아이들을 다치지 않아요. 차가 있어요.(파토러르차) 은동이 좋아하는 사람은 스키를 타러 스키장을 갑니다. 스키장은 밤 늦게까지 열어요. 식당에서 따뜻은 음식을 먹고 친구랑 이야기합니다. 우리나라의 겨울은 너무 춥지만 재미있어요.	80	A2
A200140_v01.txt_2.txt	우리 나라의 계절과 날씨	제 나라는 사계가 뚜렷합닏. 삼월부터 오월까지는 봄입니다. 봄은 날씨가 좋고 따뜻합니다. 그리고 꽃이 많이 핍니다. 사람들은 산이나 공원에 꽃을 보러 갑니다. 유월부터 팔월는 여름입니다. 여름에는 비가 많이 내립니다. 그리고 칠월초부터 특히 더운 날이 계속합니다. 사람들안 산이나 바다에 휴가를 떠납니다. 구월부터 십일월은 가을입니다. 여름보다 기온이 시원합니다. 그리고 날씨가 맑는 날이 많습니다. 사란들은 산에 가서 다풍을 그경합니다. 가을은 다풍이 아름답니다. 십이월부터 이월은 겨울입니다. 눈이 많이 내리고 아주 춥니다. 사람들은 스키를 타코나 눈사람을 만들거나 눈싸움을 합니다. 그러나 일본에서는 북쪽하고 남쪽으로 날씨하고 기온이 조금 다릅니다.	80	A2
A200298_v01.txt_2.txt	우리 나라의 계절과 날씨	제 나라의 겨절이 한국도 같습니다. 그래서 4개 있습니다. 저는 봄을 좋아합니다. 봄을 날씨가 좋으면 좋아합니다. 날씨가 좋기 때문에 사람들이 산에서 밥을 먹습니다. 보통 밥을 먹으면서 친구하고 이야기합니다. 첫도끄거나 고기를 먹습니다. 아마 맥주도 마십니다. 제 나라에 고기와 맥주가 유명하졌습니다. 한국에 치맥이 같은 유명합니다. 저는 고기와 맥주를 어주 좋아합니다. 그리고 치맥도 아주 좋아합니다.	30	A2
A200201_v01.txt_2.txt	우리 나라의 계절과 날씨	일본은 사계절이 뚜렷합니다. 봄에는 따뜻하고 꽃이 많이 팝니다. 사람들은 꽃을 구경합니다. 여름에는 날씨가 덥지만 장마철에는 비가 많이 옵니다. 사람들은 바다에 가서 수영을 합니다. 가을에는 시원하고 단풍이 아주 아름답습니다. 그래서 사람들은 단풍을 보러 산에 갑니다. 겨울에는 날씨가 너무 춥고 눈이 내립니다. 사람들은 눈사람을 만들거나 눈싸움을 합니다. 모두 두꺼운 옷을 입습니다. 저는 겨울을 싫어합니다. 시원한 가을을 제일 좋아합니다.	90	A2
A200064_v01.txt_2.txt	우리 나라의 계절과 날씨	중국에 네 계절은 합니다. 봄, 여름, 가을, 겨울은 있습니다. 봄에 저금 춥니다. 여름에 덥고 비가 많이 옵니다. 가을에 바람이 많이 붑니다. 겨울에 눈이 많이 내리고 춥니다. 여름에 사람들이 바다 가서 수영을 합니다. 가을에 사람들이 산에 가거나 마을에 갑니다. 겨울에 사람들이 해남에서 여형을 합니다. 봄에 사람들이 많이 공부합니다. 중국 사람들이 봄에 너무 좋아습니다.	80	A2
A200202_v01.txt_2.txt	우리 나라의 계절과 날씨	중국은 사계절이 뚜렷합니다. 봄은 날씨가 따뜻합니다. 꽃을 다 핍니다. 사람들이 공원으로 꽃을 구경 합니다. 여름은 날씨가 덥고 비가 많이 옵니다. 사람을 바다나 수영장에 가서 수영을 합니다. 8월 초 특히 덥습니다. 그리고 사람을 산 근처 호텔에서 살러 갑니다. 가을은 날씨가 시원합니다. 하늘이 맑습니다. 보통 사람은 가족 같이 여행을 갑시다. 특히 중국 남부 지방에 여행을 갑니다. 겨울은 날씨가 춥고 눈을 옵니다. 아이는 겨울을 아주 좋아합니다. 아이를 눈사람 좋아하니까 눈사람 만듭니다. 보통 사람을 집에서 친구하고 이야기 합니다.	80	A2
A200035_v02.txt_2.txt	우리 나라의 계절과 날씨	제 고향에는 계절이 내개 있습니다. 봄은 3월 부터 5월까지입니다. 봄은 따뜻하고 꽃이 많이 핍니다. 또 아이들을 위한 행사가 많습니다. 사람들은 꽃 구경을 자주 갑니다. 여름은 6월부터 8월까지입니다. 여름은 너무 덥기 때문에 사람들은 자주 차가운 음식을 먹습니다. 여름은 방학이 있어서 바다나 수족관으로 피서를 가거나 집에서 쉽니다. 가을은 9월부터 11월까지 입니다. 날씨가 점점 추워집니다. 가을에는 벼나 과일이 많이 열립니다. 그래서 "식욕의 가을"라고 합니다. 또 운동화나 문화제가 많이 열립니다. 사람들은 산에 당푼을 보러 갑니다. 거기에서 사진을 찍면서 친구나 가족과 이야기를 합니다. 겨울은 너무 춥습니다. 눈이 내리면 눈사람을 만들거나 스키를 타러 스키장에 갑니다. 년말에는 집을 대청소 하거나 송년회도 합니다. 1월 1일에는 첫참배를 하러 신사에 갑니다. 거기에서 그 해의 행복을 빕니다.	90	A2
A200111_v02.txt_2.txt	우리 나라의 계절과 날씨	제 나라에는 계절이 4개 있습니다. 겨울은 보통 12월부터 2월까지입니다. 폴란드의 겨울 정말 춥습니다. 보통은 -20도입니다. 그리고 눈이 많이 내리고 비가도 옵니다. 폴란드 사람들은 겨울을 특히 안 좋아합니다. 그래서 보통 집에서 차를 마시면서 영화를 봅니다. 날씨가 정말 나쁘면 따뜻한 옷을 안 입기 때문에 사람들은 감기에 많이 걸립니다. 아이들은 눈사람을 하는 것 좋아해서 자주 합니다. 폴란드에서 겨울에 하는 특징을 없습니다. 눈사람을만 합니다. 크리스마스 때문에 사람들이 선물을 사거나 만듭니다. 밖에 있는 것은 눈 때문에 더 예뻐집니다. 그리고 가을의 날씨가 시원하고 봅의 날씨가 따뜻하고 여름의 날씨가 돕습니다. 그래서 폴란드의 날씨는 아주 다릅니다.	60	A2
A200083_v01.txt_2.txt	우리 나라의 계절과 날씨	멕시고 의 봄은 3월, 4월, 5월이고 5월에 꽃을 많이 핍니다. 멕시고 사람들이 산이나 "xochimilco"에 갑니다. 날씨 따뜻하고 바람이 볼고 맑습니다. 여름은 정말 덥고 비가 옵니다. 사람들이 여행을 떠납닏. 여름에 멕시고 사람들이 바다에서 수영하거나 산에 등산을 갑니다. 날씨 더워서 사람들이 수영이 너무 좋아합니다. 가올은 날씨 저금 덥고 바람이 붑니다. 사람들이 사진을 찍러 산에 갑니다. 겨을은 쌀쌀하고 흐립니다. 비가 많이 옵니다. 사람들이 고형에 들어갑니다. 고형에서 가족들이 같이 밤을 먹어서 기분이 전만 좋습니다.	90	A2
A200217_v01.txt_2.txt	우리 나라의 계절과 날씨	일본에서는 계절이 4계절이 있습니다. 봄은, 땆하고 꽃이 많이 있습니다. 열미는 아주 덥습니다. 바다에는 사람이 많습니다. 계울은 눈가 왔어서 눈사람을 만들었어요. 바람이 아주 추웠어요. 일본사람은 열미거나 계울에 여핸에 갑니다. 연휴가 많이 있습니다. 일본의 계절은 한국과 같습니다.	70	A2
A200153_v01.txt_2.txt	우리 나라의 계절과 날씨	일본은 계절이 뚜렷합니다. 봄에는 날씨가 따뜻합니다. 꽃이 많이 핍니다. 특히 벚꽃이 아주 아름답습니다. 사람들이 봄에 공원에 가서 꽃구경을 하면서 놉니다. 여름은 날씨가 덥고 비도 자주 옵니다. 특히 비가 많이 내리는 때를 장마철이라고 합니다. 장마철이 끝나고 7월 말 8월 초에는 무척 덥습니다. 사람들이 바다에 가거나 산에 갑니다. 가을에는 날씨가 시원합니다. 단풍이 아주 아름답습니다. 사람들이 단풍구경을 하러 산에 갑니다. 일본의 겨울은 춥고 눈이 많이 내립니다. 사람들이 스키를 타기 위해 스키장에 갑니다.	90	A2
A200108_v01.txt_2.txt	우리 나라의 계절과 날씨	저는 베트남에서 왔습니다. 제 고향은 호치민시입니다. 호치민시에서 날씨가 항상 덥습니다. 고향의 계절은 두 개입니다. 전기와 우기입니다. 하지만 베트남의 수도는 계철이 사천입니다. 봄, 여름, 가을. 그리고 겨울입니다. 한국의 계절은 꽤 비슷합니다. 그래서 저는 호치민의 계철을 이야기하겠습니다. 칠월부터 일월까지 비가 많이 옵니다. 날씨가 시원합니다. 사람들은 방학에 바다나 고향에 보통 갑니다. 학생들은 여행을 가거나 야외를 갑니다. 너무 재미있습니다. 외국인 사람도 호치민 시에 많이 가서 구경 여행을 하고 사진을 찍습니다. 모두 호치민의 날씨를 좋아합니다.	80	A2
A200190_v01.txt_2.txt	우리 나라의 계절과 날씨	일본의 계절은 봄하고 여름하고 가을하고 겨을이 있어요. 봄에은 따뜻하고 날씨가 좋아요. 여름에은 덥고 개요. 가에을은 서늘하고 하늘이 맑아요. 겨에울은 춥고 눈이 많이 내려요. 그리고 봄에는 꽃이 펴요. 여름에는 창마철이 있어요. 육월말부터 칠월초까지 비가 많이 와요. 가을에는 단풍이 곳곳 있어요. 겨을에는 눈이 많이 와요. 봄에는 사람들은 꽃을 구경해요. 여름에는 바다에 가서 수영을 해요. 가을에는 단풍구경을 하러 가모야마 공원에 가요. 겨을에는 사람들은 스키장에 가거나 눈사람을 만들어요.	80	A2
A200031_v02.txt_2.txt	우리 나라의 계절과 날씨	제 고향에는 계절이 2개 있습니다. 여름하고 장마철이 있습니다. 여름은 3월부터 6월까지입니다. 여름에는 날씨가 아주 더워서 사람들이 바다에 가거나 백화점에 갑니다. 그리고 여름에는 특별한 축재가 있습니다. 특별한 축재는 '송크란'입니다. 송크란에는 태국 새해라서 사람들이 즐겁습니다. 송크란에는 사람들이 가족하고 같이 식사를 하고 술을 마시고 물을 놉니다. 하짐나 술을 많이 마셔서 물을 노면 안 됩니다. 그리고 여름에는 사람들이 바다에 많이 갑니다. 태국 바다가 아주 아름다워서 태국 사람들하고 외국인도 많이 갑니다. 날씨가 덥지만 구경하기 위해서 바다에 갑니다. 장마천에는 7월부터 2월까지입니다. 바가 많이 내리기 때문에 사람들은 집에서 푹 쉽니다. 비가 계속 내려서 폭우를 불어집니다. 비가 올 때 날씨가 조금 춥습니다. 보통 장마철에는 특별한 계획이 없습니다. 비가 많이 내려서 길이 막히고 집에서 나가면서 위험합니다.	70	A2
A200113_v02.txt_2.txt	우리 나라의 계절과 날씨	요르단에는 사계절있습니다. 2월,3월,4월은 겨울입니다. 겨울에는 날씨가 너무 첩습니다. 그리고 3월에는 비가 많이 내립니다. 3월에눈 눈이 많이 내립니다. 보통 한번 눈이 오면 3일동안 내립니다. 그래서 아이들은 눈사람 만들고 눈싸움을 합니다. 저는 겨울을 싫어하기 때문에 집 밖으로 나가지 않습니다. 그리고 저는 요르단에 있을 때 집에 차 마시면서 텔레비전을 봅니다. 5월,6월,7월은 봄입니다. 봄에는 날씨가 따뜻한데 밤에는 날씨 기온이 날아집니다. 그래서 밤에는 날씨가 추워집니다. 그렇지만 공기 정말 시원합니다. 8월,9월,10월은 여름입니다. 여름에는 날씨가 덥습니다. 그래서 사람들이 바다에 가거나 피서에 갑니다. 11월,12월,1월은 가을입니다. 가을에는 날씨가 따뜻하지만 바람이 많이 붑니다. 그래서 공기 때뜻하지 않습니다. 가을은 시작돼면 올리브을 수확이 시작됩니다. 요르단 사람들이 올르브 따기우해서 먹습니다.	60	A2
A200121_v01.txt_2.txt	우리 나라의 계절과 날씨	중국의 사계가 뚜렷합니다. 봄에는 날씨가 따뜻합니다. 꽃이 많이 핍니다. 사람들이 시골가고 꽃 구경을 합니다. 여름에 날씨가 덥고 비가 많이 옵니다. 사람들은 바다에 가서 수영을 합니다. 가을의 날씨가 서늘하고 하늘 아주 맑습니다. 사람들은 산에 올라가고 단풍 구경러 갑니다. 겨울의 날씨가 춥고 눈이 많이 내립니다. 아이들은 눈사람이나 눈구를 만듭니다. 눈싸움을 하거나 갑니다. 한구의 사계과 비슷합니다. 사계 모두 아름답습니다.	80	A2
A200125_v01.txt_2.txt	우리 나라의 계절과 날씨	중국은 사계절에 뚜렷합니다. 중국의 봄은 날씨가 따뜻합니다. 그리고 꽃이 많이 핍니다. 중국사람이 꽃이 구경하고 동산을 갑니다. 중국의 여름은 날씨가 더워습니다. 비가 밚이 내리는 때를 장마철입니다. 여름은 날씨가 자쥬 비가 와서 사람들이 집에서 쉬세요. 중국의 가을은 날씨가 시원합니다. 단풍이 아름답습니다. 사람들이 단풍인 아름다고 구경하러 산을 갑니다. 너무 예뻐요. 중국의 거울은 날씨가 줍습니다. 아이들은 눈씨움을 하나 눈사람을 다릅니다. 사람들이 스키장에서 스키를 탑니다. 너무 재미있습니다.	70	A2
A200300_v01.txt_2.txt	우리 나라의 계절과 날씨	홍콩에는 계절이 한국처럼 네 개 있습니다. 홍콩의 계절과 날씨를 소개하겠습니다. 봄은 3월부터 5월까지 날씨가 따뜻합니다. 가끔 태풍이 붑니다. 봄은 날씨가 좋으면 사람들은 공원으로 자전거를 탑니다. 그리고 고등학생들은 놀이공원에 가거나 공원에서 운동합니다. 여름에는 6월부터 9월까지 날씨가 진짜 덥습니다. 하지만 비가 많이 오나까 사람들은 집에서 쉽니다. 비가 오기 않으면 사람들은 바다에 가서 수영을 합니다. 아이들을 바다에서 아이스크림을 먹으면서 놉니다. 10월부터 12월까지 겨을입니다. 겨을 날씨가 여름처럼 덥습니다. 하자만 아침하고 밤에 시원합니다. 이 계절은 사람들은 구경하기 위해서 등산을 하려고 합니다. 그리고 고등학생들은 캠핑을 하까 합니다. 1월부터 2월까지 겨울입니다. 날씨가 춥지만 눈이 오지 않습니다. 날씨 때문에 사람들은 집에서 따뜻한 음식을 먹어서 몸이 따뜻해졌습니다. 마지막으로 저는 홍콩 날씨가 좋아하지만 내년 눈이 왔으면 좋겠습니다.	70	A2
A200206_v01.txt_2.txt	우리 나라의 계절과 날씨	베트남에서 두계절만입니다. 1월부터 6월까지 건기예서 날씨는 덥고 비가 안 와요. 날씨는 너무 더워서 사람들은 보통 많이 사월하고 수영장에서 수영하러 갑니다. 7월부터 12월까지 우기입니다. 날씨는 비가 많이 오고 조금 주워요. 비가 많이 와서 사람들은 집에서 자요.	50	A2
A200243_v01.txt_2.txt	우리 나라의 계절과 날씨	호주에는 사개 계절이 있습니다. 봄에는 1월부터 3월까지입니다. 꽃이 많이 피는데 사람들은 꽃구경하려고 공원에 갑니다. 바람이 많이 불기 때문에 꽃기루 알레르기가 있습니다. 여람에는 정말 덥습니다. 오후에 온도은 가끔 40도 이상입니다. 사람들은 딸기 농장에 가면 맛있는 딸기를 많이 먹습니다. 그리고 수영를 하기 위해서 바다에 갑니다. 가을에는 바람이 많이 불어서 정말 시원합니다. 사람들은 공원에 가면 단풍을 구경하면서 시진도 많이 찍습니다. 겨울에는 7월부터 9월까지입니다. 눈이 내려서 아주 춥습니다. 사람들은 스키장에서 스카를 타거나 눈사람을 만들수 있습니다. 눈이 내리면 산에서 등산한 사람이 많이 있습니다.	80	A2
A200126_v01.txt_2.txt	우리 나라의 계절과 날씨	저는 중국사람입니다. 중국의 사계절이 뚜렷합니다. 중국의 봄은 따뜻합니다. 그리고 꽃이 많이 핍니다. 사람들이 고공에 구경합니다. 아침에 인찍 이러나서 운동삼에 운동해요. 중국의 여름 돕고 비가 많이 옵니다. 그리고 사람은 산이나 바다에 가요. 중국의 가을은 시원하고 하늘이 맑습니다. 사람은 산에 갑니다. 겨울은 춥고 눈고 많이 내립니다. 사람은 눈싸움고 눈사람도 만듭니다. 스키를 타기 위해서 스키장에도 많이 갑니다.	70	A2
A200075_v01.txt_2.txt	우리 나라의 계절과 날씨	이호씨, 그 동안 잘 지내셨어요? 저는 잘 지냈어요. 저는 지금 경희대학교에서 한국어를 공부합니다. 내년 대학원에 다닐거예요. 저는 지금 너무 빠바서 편지를 늦게씁니다. 이호씨가 너무 보고싶지만 한국에서 공부하야 합니다. 지난 주에 어머니께 중국음식을 받았습니다. 저는 아주 기뻐했습니다. 이호씨는 무슨 한국 음식을 먹고 싶습니까? 저한테 잡장을 보냅니다. 저는 소포로 보낼 거예요. 이호씨는꼭 열심히 일하고 건강 조심하세요. 친구 왕세용 2010년 11월 26일	60	A2
A200221_v01.txt_2.txt	우리 나라의 계절과 날씨	제 나라는 1계전은 있었어요. 우리 나라 매일 더워요. 아마 비가 많이 와요. 태국 사람들이 바다에 갈 거예요. 태국 사람들은 보통 일하고 주말에 쇼핑 할 거예요. 보통 주말에 벙콕에 사람이 진짜 많이 있습니다. 백화점에 사람이 쇼핑해서 영화를 봐요. 저는 주말에 백화점에 가거나 자투작 시장에 가요. 자투작 시장에 휴명합니다. 무건이 많이있어서 임식도 많이 있습니다. 주말에 백화점이나 자투작 시장 갈 거예요. 그리고 태국 사람만 아니예요. 와국 사람도 많이있습니다. 태국에 날씨가 진짜 더워요. 5원부터 8원까지 비가 많이 있습니다. 태국 사람들을 나가 가라 집에 있으러 백화점에 갈 거예요.	70	A2
A200131_v01.txt_2.txt	우리 나라의 계절과 날씨	우리나라는 일본입니다. 일본는 네개 게절이 잇습니다. 4월부터 6월까지는 날씨를 촣아합니다. 개일이 많습니다. 사람들이 꽃을 보고 밥을 먹습니다. 7월부터 9월까지는 아주 덥습니다. 연휴에는 사람이 바다에 갑니다. 그리고 아이스크리무를 먹어서 물을 마셥니다. 10월부터 12월 까지 도 날씨가 촣아합니다. 당폼을 보나갑니다. 1월부터 3월 까지 는 아주 춥습니다. 사람이 스키 을 닫습니다. 일본 계절을 아주 촣아합니다.	60	A2
A200100_v01.txt_2.txt	우리 나라의 계절과 날씨	일본 계절은 네개 있습니다. 봄에는 따뜻하고 꽃을 많이 핍니다. 사람들이 꽃을 보러 공원에 갑니다. 여름에는 너무 덥습니다. 그러니까 사람들이 바다나 주영장에 많이 갑니다. 가을에는 날씨가 시원합니다. 그리고 단풍이 예쁩니다. 가을에 쿄토가 인기가 많습니다. 사람들이 쿄토에 가서 단풍을 구견합니다. 겨울에는 아주 줍습니다. 토쿄에서 가끔 눈도 옵니다. 사람들이 스키 타러 스키장에 갑니다.	80	A2
A200109_v02.txt_2.txt	우리 나라의 계절과 날씨	태국은 계절이 여름, 우기, 겨울 3개입니다. 여름은 3월부터 6월까지 있습니다. 여름은 날씨가 덥습니다. 특히 4월에 비가 오고 태풍이 불습니다. 그리고 여름은 태국사람들이 항상 바다나 다른 나라에 갑니다. 우기는 7월부터 10월까지 있습니다. 우기는 폭우기 내리면 홍수가 나갑니다. 하지만 사람들이 산에 가다고 꽃구경을 합니다. 유명 꽃은 이름이 시암튤립입니다. 비가 많이 오기 때문에 날씨가 쉬원하면서 겨울은 시작힙니다. 겨울은 11월부터 2월까지 있습니다. 겨울은 날씨가 쉬원하니까 시람들이 북부에 갑니다. 딸기 먹고 경치를 구경합니다. 산에서는 사람이 많습니다. 고치기 위해서 바다에 갑니다.	60	A2
A200257_v01.txt_2.txt	우리 나라의 계절과 날씨	코발 계절이 두 개 있습니다. 그 계절은 4월~9월, 겨울, 10월~3월, 거울까지입니다. 코발 날씨가 기온이 35도 너무 더웁니다.	20	A2
A200308_v01.txt_2.txt	우리 나라의 계절과 날씨	우리 나라의 계절을 설명하겠습니다. 제 고향은 일본입니다. 일본에는 봄, 여름, 가을, 겨울 4개 있습니다. 봄은 4월부터 5월까지입니다. 봄은 날씨가 따뜻합니다. 꽃이 많이 핍니다. 특히 벗나무가 유명합니다. 사람들은 ㅓㅅ꽃이 폈으면 벗꽃이 많이 있는 공웡에 가서 벗나무 아래에서 이야기하면서 술을 마십니다. 여름은 6월부터 8월까지입니다. 6월과 7월은 비가 많이 내립니다. 비가 내릴 때마다 덥습니다. 사람들은 8월에 바다에 가서 BBQ하거나 수영을 합니다. 가을은 9월부터 11월까지입니다. 가을에는 대풍이 많이 풀습니다. 대풍 때문에 교통을 사용할 수 없는 것이 자주 있습니다. 그리고 가을에는 당풍이 아름다워서 사람들은 당풍을 구경하기 위해서 아키타나 이와태에 갑니다. 겨울은 12월부터 2월까지입니다. 너무 추워서 는이 내립니다. 그래서 사람들은 스키장에 가서 스키를 탑니다. 그리고 너무 추워서 사람들은 밖에 나가지 않습니다. 그래서 사람들은 여름보다 뚱뚱해집니다.	80	A2
A200061_v01.txt_2.txt	우리 나라의 계절과 날씨	중국에서 사계절을 두렸습니다. 봄에 날씨가 따뜻하고 꽃이 많이 피습니다. 보동 사람들이 공원에 가서 사진을 직업니다. 여름에 너무 덥지만 비가 많이 옵니다. 사람들이 방에서 컴퓨터를 하거나 수영하러 바에 갑니다. 가을에는 사원합니다. 바람이 자주 불업니다. 아르다운 단풍이 산에서 많아서 사람들이 간식을 기지고 산에 가요. 산에서 소풍해요. 겨울에 한국보다 더 추워요. 사람들이 다 따뜻한 옷이 입어요. 겨울에 항상 눈이 래려요. 아이들이 눈사람 만들니까 기분이 아주 좋아요.	70	A2
A200147_v01.txt_2.txt	우리 나라의 계절과 날씨	중국에 사계절을 뚜렷합니다. 중국의 봄에 날씨가 따뜻합니다. 명력 4월5일에 중국의 중요한 날짜이니까 사람들이 모두 산을 가세요. 그리고 봄에 꽃이 많이 핍니다. 사람들이 공원에 구경하러 갑니다. 여름 중국의 북쪽보다 남쪽이 더 덥습니다. 최고 기온은 38°C입니다. 그래서 여름 방학에 사람들이 복쪽에 가거나 수영이 자주 합니다. 가을에 하늘이 바랗라고 담풍도 예쁩니다. 날씨가 아주 시원합니다. 10월에 공휴일이 있어서 사람들이 자주 베이징에 여행합니다. 담풍이 많이 구경합니다. 겨울에 복쪽이 아주 춥습니다. 눈이 많이 내리지만 아이들이 아주 좋아합니다. 눈사람을 만들고 눈싸움도 랍니다. 사람들이 스키장이나 공원에 많이 갑니다.	80	A2
A200123_v01.txt_2.txt	우리 나라의 계절과 날씨	우리 나라는 중국입니다. 중국의 계절은 한국의 계절은 비슷해요. 봄, 여름, 가을, 겨울 입니다. 봄이 따뜻하고 여름이 덥고 가을이 선선하고 겨울이 너무 춥니다. 저는 수박을 좋아해서 여름은 제일 좋아합니다. 여름의 특징은 태양이 크고 날씨가 정말 더워요. 여름에 사람들은 보통 등산을 가거나 바다에 가요. 가을의 특징은 단풍이 너무 아름다워요. 사람들은 단풍을 구경으로 산에 가요. 겨울의 특징은 눈이 내려요. 그레서, 사람들은 눈사람을 많이 만들어요. 아이들은 기뻐요.	80	A2
A200082_v01.txt_2.txt	우리 나라의 계절과 날씨	안녕하세요. 저는 태국 사람입니다. 태국 계절의 날씨는 여름만 있습니다. 여름에는 너무 덥고 비가 많이 왔어요. 하지만 요즘 태국 날씨가 조금 춥습니다. 여름에는 태국 사람들이 바다에 많이 가요. 바다가서 쉽고 수영했습니다. 바다에서 해물을 사러 가요. 그리고 가족들이 함게 요리를 만들어요. 바다에 어떻게 가요? 방콕에서 바다까지 버스나 기차나 비행기로 가요. 그리고 요즘은 날씨가 조금 춥습니다. 사람들이 산에 많이 가요. 산에는 복쪽에 있습니다. 산에서 너무 예쁘고 났가 좋습니다. 그리고 해를 볼 수있습니다. 저는 생각해 재미있을 거예요. 태국에 가보세요.	70	A2
A200094_v01.txt_2.txt	우리 나라의 계절과 날씨	우리나라에서 세 계절은 있습니다. 여름 4월 5월 6월, 가을 7월 8월, 겨을 9월 10월, 11월 있습니다. 그래서 우리나라에서 여름 장마절에는거의 특히 덥고, 비가 만ㅎ이 있습니다. 그래서 사람들이 책 읽고 바다 갑니다. 탄자니아에서 가을 날씨는 아주 바람 많이 잇습니다. 사람들이 집에 있습니다. 겨을에는 날씨가 아주 추워요. 그래서 사람들 많 옷 입어서 눈이 사람 만 들어서 그리고 집에서 보냈어요. 여러분 탄자니아 날씨가 아주 좋아요.	60	A2
A200111_v01.txt_2.txt	우리 나라의 계절과 날씨	저는 중국사람 입니다. 중국에는 봄에 아주따뜻합니다. 봄에는 꽃이 핍니다. 곳곳에 꽃이 있습니다. 아주 예쁩니다. 여름에 날씨가 돕습니다. 사람들이 집에 없습니다. 수영을 하러 바다에 갑니다. 사람들이 아이스크림을 먹고 수영을 합니다. 바다 근체에는 사람디 매일매일 많이 있습니다. 저는 바다근처에 삽니다. 그래서 여름을 아주 좋아합니다. 가을에 날씨가 시운합니다. 겨울에 아주 춥습니다. 아침에 사람들이 집에서 도운 우유나 도운 차를 마십니다. 눈이 와서 아이들이 모도 외출고 놉니다. 그래서 아이들은 겨울을 좋아합니다.	70	A2
A200227_v01.txt_2.txt	우리 나라의 계절과 날씨	일본에서는 계절이 4개 있습니다. 봄은 3월부터 5월까지 입니다. 봄은 따뜻하니까 꽃이 많이 핍니다. 특히 벗꽃이 아주 아름답습니다. 사람들은 벗꽃 구경하려고 공원에 갑니다. 하지만 꽃가루가 날리기 때문에 화분증에 걸렸습니다. 여름은 6월부터 8월까지 입니다. 여름은 습기가 많고 덥습니다. 한국처럼 장마철이 있고 폭우가 내립니다. 장마철이 끝난 후에 사람들은 바다에 가거나 피서를 갑니다. 가을은 시원해졌습니다. 9월 부터 11월까지 입니다. 가을에 돼면 단풍이 아름다워서 사람들은 단풍 구경기 위해서 등산을 갑니다. 겨울은 12월부터 2월까지 입니다. 겨울에는 눈이 내립니다. 하지만 눈이 내릴 때도 있고 안 내릴 때도 있습니다. 그래서 사람들은 스키장에 가서 스키를 타거나 스노우보드를 탑니다. 아이들은 눈사람을 만드면서 즐거운 겨울 방학을 보냅니다.	80	A2
A200063_v01.txt_2.txt	우리 나라의 계절과 날씨	중국의 계절은 뚜력합니다. 봄에 날씨가 따뜻합니다. 공원에서 곳곳에 꽃이 핍니다. 사람들을 공원 가서 사진을 찍습니다. 여름에 날씨가 덥습니다. 그리고 비가 많이 왔습니다. 7월말 8월초 거의 매일 비가 왔습니다. 휴가는 사람들을 바다에 갑니다. 바다가고 수영을 갑니다. 가을에 날씨가 시원합니다. 사람들을 등산이나 여행을 갑니다. 산에서 단풍이 많이 있습니다. 사람들을 사진을 찍습니다. 겨울에 날씨가 춥니다. 사람은 옷을 많이 입었습니다. 눈이 많이 왔습니다. 아이들은 눈사람하고 눈싸움을 합니다. 사람들은 스키장에 가러 스키를 합니다. 저는 겨울을 좋아합니다.	60	A2
A200218_v01.txt_2.txt	우리 나라의 계절과 날씨	저는 몽골에서 왔습니다. 몽골은 사 계절 뚜렷습니다. 계절은 봄, 여름, 가을, 겨울입니다. 봄날씨는 따뜻합니다. 예쁜 꽃이 많이 피고 어름이 녹습니다. 사람들의 기뿐이 좋아서 사랑하고 싶어합니다. 여름 날씨는 덥지만 한국보다 바람이 많습니다. 비가 온 날 한국보다 적습니다. 사람들이 수영하러 강에 가거나 여행을 많이 갑니다. 가을 날씨는 쌀쌀합니다. 나무잎에 떠러지고 첫눈이 옵니다. 9월1일에 학교가 시작해서 학생들 학교에 갑니다. 겨울 날씨는 춥습니다. 눈이 많이 옵니다. 그레서 사람들 스키장 가거나 눈싸움 합니다.	70	A2
A200107_v01.txt_2.txt	우리 나라의 계절과 날씨	일본 계절을 소개합니다. 일본은 지금 가을입니다. 가을은 9월~10월입니다. 날씨는 쌀쌀하고 매일 거의 비가 안 옵니다. 가을에는 단풍이 너무 아름답습니다. 그래서 사람들은 산에 단풍을 구경하러 갑니다. 11월~2월은 겨울입니다. 겨울은 가을보다 춥습니다. 사람들이 산에 가서 스키를 탑니다. 3월~5월은 봄입니다. 날씨는 따뜻합니다. 꽃이 많이 핍니다. 사람들이 공원이나 산에 가서 꽃을 구경합니다. 6~8월은 여름입니다. 너무 덥고 비도 자주 옵니다. 사람들이 차나 기차를 타고 여행을 갑니다.	90	A2
A200127_v01.txt_2.txt	우리 나라의 계절과 날씨	저는 중국 사람입니다. 저 나라의 계절은 한국하고 비슷해요. 봄은 쉬운하고 바람이 붑니다. 사람들이 다 긴바지와 옷을 입니다. 집에서 컴퓨터를 합니다. 여름은 따뜻합니다. 사람들이 시장가서 쇼핑합니다. 영화도 보러 갑니다. 겨울에는 봄 날씨하고 비슷해요. 사람들이 산에 갈거나 집에서 팝송을 듣거예요. 가을은 춥습니다. 사람들이 뚝은 옷을 입니다. 사람들은 보통 집에서 밥을 먹고 쉽니다. 추우니까 감기에 걸어서면 약국에 약을 사러 갑니다.	70	A2
A200115_v01.txt_2.txt	우리 나라의 계절과 날씨	중국의 사계절은 뚜렷합니다. 봄에는 날씨가 따뜻하고 공기가 좋습니다. 봄에는 꽃이 많이 핍니다. 사람들은 꽃을 구경하러 공원에 갑니다. 여름에는 날씨가 덥고 비가 많이 옵니다. 7월말, 8월 초에 거의 매일 비가 옵니다. 장미철이라고 합니다. 사람들이 보통 산으로 여행을 갑니다. 가을에는 날씨가 시원합니다. 춥지도 않고 돕지도 않습니다. 단풍이 아주 아름답습니다. 많은 사람은 공원에 가서 단풍을 구경합니다. 겨울에는 날씨가 아주 춥습니다. 눈이 많이 내립니다. 아이들은 눈사람을 만들거나 눈싸움을 합니다.	90	A2
A200102_v01.txt_2.txt	우리 나라의 계절과 날씨	저는 우즈베키스탄 사람입니다. 우즈베키스탄에서 계절이 재미있습니다. 계절의 날씨는 비가 내리고 구림이 많습니다. 계절의 날씨는 아주 시원합니다. 계절에 우즈베키스탄 사랍들 산에세 쉬러 가족에 갑니다.	30	A2
A200095_v01.txt_2.txt	우리 나라의 계절과 날씨	러시아에서 4 계절은 있고 한국 계절은 떠같습니다. 하지만 러시아가 한국보다 더 줍습니다. 봄에 날씨는 저금 춥습니다. 여름에 덥습니다. 거울에 저금 따뜻합니다. 계울에 날씨는 진짜 춥고 눈이 많이 내렵니다. 봄에 비가 많이 옵니다. 그리고 꽃이 핍니다. 여름에 휴개철 많 있어서 사람들이 바다로 수영으로 갑니다. 계울에 아이들이 논사람은 만들고 눈쌀기 합니다.	60	A2
A200198_v01.txt_2.txt	우리 나라의 계절과 날씨	일본에는 네 개 계절이 있습니다. 봄은 따뜻하고 "사쿠라"가 핍니다. 봄에 입학식이 많이 있습니다. 그리고 보통 사람들은 꽃을 구경합니다. 일본말로 "오하나미"라고 말합니다. 여름은 제일 길을 방학이 있습니다. 사람들은 더워서 자주 바다나 수영장에 갑니다. 그리고 일본에는 "불꽃대회"가 많이 있습니다. "유카타"를 입고 강에 구경하러 갑니다. 여름은 즐거운 것이 많이 있습니다. 하지만 태풍도 많이 옵니다. 가을은 시원하고 당풍이 예쁩니다. 사람들은 당풍을 구경합니다. 아침하고 밤에는 너무 쌀쌀합니다. 코트가 빌요합니다. 겨울은 추워서 모두가 코트를 입습니다. 크리마스가 있으니까 이루미네이션을 보러 가거나 열심히 일합니다.	90	A2
A200097_v01.txt_2.txt	우리 나라의 계절과 날씨	일본 겨절은 뚜렷합니다. 봅에는 날씨가 따뜻하고 꽃이 많이 핍니다. 사람들이 산이나공원으로 꽃구경을 갑니다. 거기에가서 점심을 먹습니다. 여름에는 비가 많이 오고 덥습니다. 태풍도 가끔 옵니다. 사람들이 수영을 하러 수영장에 가거나 바다에 갑니다. 가을에는 날씨가 시원하고 하늘이 맑습니다. 사람들이 산과공원 으로 단풍구경을 갑니다. 겨울에는 날씨가 춥고 눈이 내립니다. 사람들이 스키장에 갑니다. 그리고 아이들은 눈사람을 만듭니다.	90	A2
A200281_v01.txt_2.txt	우리 나라의 계절과 날씨	네가 고향에는 계절이 사개 있습니다. 봄은 3월초부터 5월까지 따뜻하지만 변합니다. 꽃이 피고 바람이 불고 꽃이 많이 피서 우리 항상 친구가 아니면 가족이 하고 같이 꽃 구경을 갑니다. 꽃구경을 간 후에 여기 저기에 꽃을 보고 많이 예쁜 사진 도 찍어요. 친구과 가족 같이 가면 기분이 정말 좋습니다. 그대 아찍 나 가지 못 해요. 다음에 꼭 가고 싶어요. 여름은 6월 부터 9월 까지예요. 장이철 때문에 비가 많이 내립니다. 우리 고향에서 기온이 너무 높어요. 그래서 피서기 위해서 방학 동안 우리 항상 죽국의 다릇 곳에 갑니다. 다른 방벌을 매일 수영장에서 수영을 합니다. 이것 계절은 덥지만 많이 사람이 도 좋아 합니다. 그 이유는 빙수를 먹어 됩니다. 다음 계절을 너무 잛아요. 10월부터 11월 까지 예요. 날씨가 너무 변합니다. 그대 특병한 일이 없어요. 계울은 12월부터 다음년 2월까지예요. 날씨가 너무 춥니다. 그래서 항상 쇼핑을 끝난 후에 집에서 쉽니다하면서 집에서 인터넷으로 삽니다.	20	A2
A200241_v01.txt_2.txt	우리 나라의 계절과 날씨	홍콩에서는 사계절이 있습니다. 봄에는 따뜼합니다. 사람들과 꽃구경을 할거나 등산을 합니다. 여름에는 더워서 사람들과 수영을 하러 갑니다. 8월 9월에는 태풍있기 때문에 비가 많이 와서 정말 싫습니다. 가을에는 시워합니다. 추분이 불고기를 먹기 위해서 사람들과 교외에 갑니다. 겨울에는 춥지 안고 따뜻합니다. 가족와 함께 샤부샤부를 하면 좋을 것 같습니다. 홍콩사람들은 겨울이 좋아합니다.	60	A2
A200208_v01.txt_2.txt	우리 나라의 계절과 날씨	일본 계절은 뚜렷합니다. 봄은 날씨가 따뚲합니다. 꽃이 많이입력불가니다. 사람들은 산에 꽃을 구경하러 갑니다. 여름은 날씨가 아주 덥고 비가 많이 옵니다. 사람들은 산이나 바다에 갑니다. 가을은 날씨가 쌈쌈합니다. 가을은 음식이 아주 맛있습니다. 사람들은 산에 가서 당풍을 구경합니다. 겨울은 날씨가 아주 줍습니다. 그리고 눈이 많이 옵니다. 사람들은 눈사람을 만듭니다.	80	A2
A200088_v01.txt_2.txt	우리 나라의 계절과 날씨	홍콩의 계절은 뚜렸습니다. 봄은 날씨가 따뜻합니다. 특징은 꽃이 많이 핍니다. 사람들은 보통 산에 가서 꽃을 구경합니다. 여름은 날씨가 너무 덥고 비가 많이 옵니다. 특징은 하루에 맑습니다. 사람들은 아이스크림을 먹거나 바다에 갑니다. 거을은 날씨가 시원합니다. 특징은 단풍이 많이 내리고 아름답습니다. 사람들은 여행을 합니다. 겨울은 날씨가 춥고 바람이 많이 붑니다. 특징은 사람들이 옷을 많이 입습니다. 사람들은 파티를 많이 합니다.	80	A2
A200304_v01.txt_2.txt	우리 나라의 계절과 날씨	태국은 계절이 3개 있습니다. 태국의 여름은 2월부터 5월까지입니다. 태국의 여름은 정말 덥습니다. 그래서 태국에는 특별한 물 속제를 있면 태국 사람들이 친구나 보모님과 같이 물을 놉니다. 정말 재미있습니다. 6월부터 10월까지는 우기입니다. 이 시간은 비가 많이 옵니다. 태국 사람은 비가 싫습니다. 그래서 비가 오면서 태국 사람은 백화점에 가거가 집에 있습니다. 태국의 겨울은 11월부터 1월까지입니다. 이 계절이 안 더우니까 태국 사람들이 좋아합니다. 그래서 태국 사람들이 가장에 많이 갑니다. 하지만 날씨가 좋기 때문에 예쁜 옷을 많이 입고 싶습니다. 그래서 태국 여자는 쇼핑을 많이 합니다. 태국에 가기 위해서 태국 날씨를 알았으면 좋겠습니다.	50	A2
A200149_v01.txt_2.txt	우리 나라의 계절과 날씨	저는 중국에서 왔습니다. 중국 계절은 봄과 여름과 가름과 겨울이 있습니다. 봄에 날씨가 따뜻합니다. 봄에는 비가 내리고 꽃을도 빕니다. 사람들은 여행하나 공원에 가서 꽃을 봅니다. 여름에 날씨가 덥습니다. 여름에 닭고 비도 왔습옵니다. 사람들은 보통 수영을 할 겁니다. 가름에 날씨는 시원납니다. 가름에 딴뿡을 많이 내립니다. 사람들은 보통 산에 갑니다. 산에서 등산을 하고 사진도 찍고 산에에 구경을 합니다. 겨울에 날씨가 춥습니다. 겨울에 눈이 많이 내립니다. 사람들은 공원에 가서 눈 사람을 만들고 사진을도 찍습니다. 중국 계절은 다 예쁩니다.	70	A2
A200245_v01.txt_2.txt	우리 나라의 계절과 날씨	일본에는 계절이 4개 있습니다. 봄은 3월부터 5월까지입니다. 봄은 날씨 면화가 심합니다. 벗꽃이 예쁘기 때문에 사람들은 꽃구경을 갑니다. 여름은 6월부터 8월까지입니다. 여름의 날씨는 무덥습니다. 그래서 사람들은 바다에 가거나 시원한 음식을 먹습니다. 가을은 9월부터 11월까지입니다. 가을의 날씨는 시원하고 10월부터 태풍이 많이 풀어집니다. 겨울은 12월부터 2월까지입니다. 1년 중에서 가장 춥고 눈이 내립니다. 사람들은 몸을 따뜻다지기 위해서 고타쓰에 몸을 녹습니다. 고타쓰에 몸을 녹으면서 자는 사람도 있습니다.	80	A2
A200101_v02.txt_2.txt	우리 나라의 계절과 날씨	제 고향에 홍콩입니다. 홍콩에서는 계절이 4개 있습니다. 붐은 3월부터 5우러까지입니다. 그리고 여름은 6월부터 8월까지하고 거을은 9월부터 11월까지입니다. 12월부터 2월까지 겨울입니다. 붐의 날씨는 따뜨샇기 때문에 예쁜 꿏은 볼 수 있습니다. 하지만 3월에 날씨거 춥습니다. 그래서 4월 따뜻하지기 때문에 사람들은 꿏 구경 갑니다. 여름의 날씨는 아주 덥기 때문에 바다에서 많이 사람들은 수영하면서 친구와 같이 이여기합니다. 거을의 날씨는 안 덥습니다. 하지만 날씨가 시월해집니다. 겨울의 날씨는 춥습니다. 하지만 홍콩에서 눈이 없습니다. 사럼들은 눈을 보기 위해서 여행합니다. 여행하면 눈을 볼 수 있습니다.	50	A2
A200089_v01.txt_2.txt	우리 나라의 계절과 날씨	대만의 사계절은 조금 다릅니다. 봄하고 가을은 날씨가 비슷합니다. 봄은 날씨가 따뜻합니다. 꽃을 많이 핍니다. 사람들은 공원이나 산에 갑니다. 여름은 날씨가 더와요. 비가 많이 와요. 항상 사람을은 집에 자거나 청소해요. 가을은 날씨가 시원해요. 사람들은 좋아해요. 항상 산가서 사진을 찍어요. 겨울은 너무 추워요. 비가 조금 와요. 사람들이 싫어해요.	70	A2
A200097_v02.txt_2.txt	우리 나라의 계절과 날씨	일본은 한국처럼 사계절이 있습니다. 봄은 3월부터 5월까지입니다. 날씨가 따뜻해서 꽃이 많이 핍니다. 그래서 사람들은 꽃을 보면서 술을 마십니다. 하지만 꽃 때문에 화분증이 있는 사람들은 조심해야 합니다. 여름은 6월부터 8월까지입니다. 장미철이 있지만 요즘은 비가 많이 내리지 않아졌습니다. 그리고 여름은 축제가 많이 열립니다. 큰 불꽃축제가 열려서 사람들은 유카타를 입고 불꽃을 봅니다. 사람이 많아서 사람이 적은 정소가 있으면 자주 볼 수 있습니다. 그리고 바다에 가서 불꽃놀이를 하기도 합니다. 가을은 9월부터 11월까지입니다. 단풍이 아름다워서 사람들은 단풍구경을 갑니다. 그리고 사람들은 맛있는 음식을 먹거나 운동하거나 책을 읽습니다. 겨울은 12월부터 2월까지입니다. 눈이 많이 내립니다. 그래서 사람들은 눈사람을 만들고 눈싸움을 하고 눈으로 만드는 집인 카마쿠라를 만듭니다. 그리고 날씨가 추워서 코타츠에 들어가서 귤을 먹기도 합니다. 다양한 계절이 있는 것은 재미있는 것이 많아서 좋습니다.	90	A2
A200084_v01.txt_2.txt	우리 나라의 계절과 날씨	저는 미구에서 왔어요. 미국에 네 계절은 있습니다. 봄의 날씨는 시원하고 맑습니다. 봄에 사람들은 보통 공원에 가거나 친구를 만납니다. 여름의 날씨는 아주 덥습니다. 여름에 사람들은 보통 바다에 가서 수영을 합니다. 학생들은 대학교에 가지 않습니다. 그래서 백와점에 수영복을 사러 가요. 가을의 날씨는 조금 춥습니다. 하지만 단풍이 핍니다. 가을에 사람들은 자주 산에 갑니다. 그 사람은 꽃을 구경합니다. 겨ㅕ울의 날씨는 참 춥고 눈이 내립니다. 눈이 오니까 사람들은 눈사람을 만듭니다. 산에 눈이 많이 있으니까 사람들은 스키장에 갑니다.	90	A2
A200235_v01.txt_2.txt	우리 나라의 계절과 날씨	제 고향 계절을 한국처럼 4개 있습니다. 봄은 3월부터 5월까지 여름은 6월부터 8월까지, 가을은 9월부터 11월까지, 겨울은 12월부터 2월까지 입니다. 봄을 꽃를 많이 빞니다. 사람들이 꽃구경하기 위해서 입력불가원에 갑니다. 여름를 혹서일 계속 있습니다. 많이 돕기 때문에 사람들이 너무 힘드면서 바다에 가거나 산에서 비서합니다. 태풍이 많이 옵니다. 가을은 당풍이 너무 예쁘면 사람들은 당풍구경에 갑니다. 겨울은 너무 추워져습니다. 눈이 많이 내려서 사람들이 스키타기 위해서 스키장에 갑니다.	60	A2
A200192_v01.txt_2.txt	우리 나라의 계절과 날씨	우리 나라 일본의 계절은 다양합니다. 봄에는 꽃이 아주 예쁩니다. 사람들이 공원에 자주 보러 갑니다. 여름에는 덥습니다. 그래서 바다에 가서 수영을 합니다. 겨울은 아주 춥습니다. 사람들이 자주 산에 갑니다. 산에 스키장이 있고 온천도 있습니다. 특히 일본의 온천은 인기가 있습니다. 외국사람들도 자주갑니다. 스키장에서 보통 스키를 타거나 눈사람을 만듭니다. 겨울은 너무 춥지만, 사람들이 아주 좋아합니다.	80	A2
A200096_v01.txt_2.txt	우리 나라의 계절과 날씨	싱가포르의 계절은 덥고 비가 많이 내려요. 사람들은 보통 에컨 장소나 집에 있어요. 사람들은 다른나라가서 눈이 봐요. 싱가포르의 계절은 덥고 비가 많이와요. 매일 날씨는 비가 오거나 맑습니다. 사람들은 노래하러 노래방에 가요. 계절의 특징은 덥고 눈이 없어요. 사람들은 바다가서 수영해요. 사람들은 웃을 ㅉㅄ고 앉두꺼 워요. 그 계절에 사람들은 보통 쇼핑센터가러 쇼핑합니다. 사람들은 보통 게임을 하거나 노래방 가요. 사람들은 보통 텔레비전이나 영화를 봐요.	70	A2
A200210_v01.txt_2.txt	우리 나라의 계절과 날씨	태국에는 세 겨절이 있습니다. 여름에는 아주 덥습니다. 사람들이 보통 바다에 가서 물을 놉습니다. 바다에서 많이 해물 음식을 먹습니다. 장마철은 비가 많이 오고 덥습니다. 곳곳에서 홍수가 납니다. 사람들이 보통 밖에 안 나갑니다. 집에서 놀거나 같이 식사 합니다. 겨울에는 날씨가 시원합니다. 꽃이 많이 핍습니다. 보통 여행하러 산에 갑니다. 산에서 구경하고 사진을 찍습니다. 아주 아름답습니다.	80	A2
A200001_v01.txt_2.txt	우리 나라의 계절과 날씨	일본은 사계절 있습니다. 봄은 3월, 4월, 5월입니다. 날씨가 따뜻합니다. 꽃이 많이 핍니다. 그래서 사람들이 공원에 가서 꽃 구경을 합니다. 여름은 6월, 7월, 8월입니다. 날씨가 덥고 비가 많이 옵니다. 7월말, 8월에는 아이들이 반학이 있습니다. 어른도 연휴가 있습니다. 사람들이 바다나 산으로 떠납니다. 가을은 9월, 10월, 11월입니다. 날씨는 덥지 않고 시원합니다. 단붕이 아름덥습니다. 사람들이 산에 단붕보러 갑니다. 겨울은 12월, 1월, 2월입니다. 날씨는 아주 춥습니다. 가끔 눈이 옵니다. 눈이 온 때는 아이들은 눈사람을 만듭니다.	60	A2
A200086_v01.txt_2.txt	우리 나라의 계절과 날씨	제 고형 날씨 하고 한국 날씨는 아주 비슷합니다. 계절은 네 게 있어요. 고형 사람들하고 서울 사람들 계휙도 가다요. 제 고형에 봄은 따뜻하고 날씨가 좋아요. 여름은 더워요. 사람들 바다에 거나 소풍을 합니다. 제 고형은 바다가 많아서 유명합니다. 저는 가을을 좋아해요. 가을은 시원해요. 단풍이 아주 여뻐요. 사람들이 산에 단풍을 구경하러 갑니다. 겨울은 줍습니다. 사람들이 산에 스키장에 스키를 하러 가거나 집에 책을 읽습니다. 저는 제 고형을 아주 좋아하지만 거의 안 덜어갑니다. 해 군인이어서 아주 바빠요.	70	A2
A200233_v01.txt_2.txt	우리 나라의 계절과 날씨	홍콩에는 계절이 4개 있습니다. 3월부터 5월까지는 봄입니다. 날씨가 다뜻합니다. 특징은 습도가 높습니다. 빨래를 하면 옷이 마르지 못 합니다. 사람들이 빅토리아 공원에서 꽃박람화에 갑니다. 6월부터 8월까지는 여름입니다. 날씨가 덥고 습도가 높습니다. 그리고 비가 많이 오고 천동도 칩니다. 태풍도 있습니다. 기분이 좋아지기 위해서 사람들이 자주 바다나 수영장에 갑니다. 9월부터 11월까지는 가을입니다. 가을은 시우너합니다. 습도가 건조해졌습니다. 사람들이 항상 바비큐 파티를 하거나 등산에 갑니다. 12월부터 2월까지는 겨울입니다. 날씨가 춥고 바람이 강하게 붑니다. 기은은 낮지만 눈이 래리지 않습니다. 날씨가 춥기 때문에 사람들이 자주 샤부샤부를 먹습니다.	70	A2
A200220_v01.txt_2.txt	우리 나라의 계절과 날씨	우리 나라의 계절은 똑똑합니다. 봄은 따뜻하고 꽃이 많니 피습니다. 여름은 너무 덥고 6월은 비가 많니 옵니다. 7월하고 8월은 덥지만 날씨가 좋아서 사람들은 산에 가거나 바다에 갑니다. 가을은 그 계절이 좋아하는 사람이 많니 있습니다. 가을은 하늘 맑고 시워하고 다풍이 예쁘입니다. 그래서 사람들은 시진을 찍으러 산에 갑니다. 겨울은 춥습니다. 가끔 눈이도 내립니다. 그리고 휴가가 많니 있어서 사람들은 집에서 쉬습니다.	70	A2
A200104_v01.txt_2.txt	우리 나라의 계절과 날씨	일본 니가타의 계절은 한국하고 아주 비슷합니다. 봄에는 따뜻하고 꽃이 많이 핍니다. 꽃구경을 가는 사람이 많습니다. 여름에는 돕고 맑습니다. 바다가 많이 있어서 수영하러 가는 사람이 많습니다. 가을에는 날씨가 시원하고 쌀쌀합니다. 당풍이 아주 아름답습니다. 자주 당풍을 보러 갑니다. 겨울에는 춥고 눈이 많이 내닙니다. 니가타는 스키장이 많이 있습니다. 사람들은 스키를 타거나 눈싸움을 합니다. 아이들을 아침에 일어나서 눈사람을 만듭니다. 일본 중에서도 니가타는 특히 계절이 똑똑합니다.	80	A2
A200215_v01.txt_2.txt	우리 나라의 계절과 날씨	우리나라의 계절은 봄, 여름, 가을, 겨을입니다. 봄의 날씨는 따뜻합니다. 여름의 날씨는 비가 내리고 덥습니다. 가을의 날씨는 쌀쌀합니다. 겨을의 날씨는 춥습니다. 봄에는 꽃이 예쁩니다. 그래서 사람들이 꽃을 보러 산에 갑니다. 여름에는 사람들이 바다나 산에 갑니다. 가을에는 단풍이 예쁩니다. 그래서 사람들이 닫풍 구경을 하러 산에 갑니다. 겨울에는 눈이 내립니다. 그래서 사람들이 스키장에 가서 스키를 합니다. 일본의 계절은 다양합니다.	80	A2
A200229_v01.txt_2.txt	우리 나라의 계절과 날씨	저는 태국에서 왔습니다. 고향에는 계절이 한 개 있습니다. 그 계절는 여릅입니다. 보통 고향에 매일 덥습니다. 1월부터 12월까지 여릅입니다. 고향에 한계절이기 때문에 태국사람들은 바다에 가고 싶습니다. 보통 태국사람은 바다에 가면 축구를 합니다. 까금 축구를 하면서 태국음식을 주뭅니다. 태국에서 3월 더어집니다. 하지만 4월 가장 덥습니다. 3월 후에 태국사람들이 집에서 잭은 읽거나 음악을 듣습니다. 더우때문에 태국사람들이 집에서 살고 싶습니다. 그래서 태국사람들의 4월 후에 가죽과 같이 여행을 가고 싶습니다. 4월 후에 태국사람들이	70	A2
A200101_v01.txt_2.txt	우리 나라의 계절과 날씨	일본 계절은 봄은 따뜻하고 여름은 덥습니다. 가울은 시원하고 겨울은 춥습니다. 여름에는 창마가 있습니다. 창마 때는 비가 많이 옵니다. 겨울에는 눈이 오지만 제 고향은 거의 오지 않습니다. 봄의 특징은 꽃이 많이 핍니다. 여름은 아주 덥습니다. 가울은 당품이 아주 예쁩니다. 겨울은 정말 춥습니다. 봄에는 사람들은 꽃 구경하러 공원에 갑니다. 예름에는 더워서 바다에 갑니다. 가울에는 당품 구경을 하러 산에 갑니다. 겨울에는 아이들이 눈사람을 만들거나 집에서 놉니다.	50	A2
A200216_v01.txt_2.txt	우리 나라의 계절과 날씨	저는 말레이시아 사람입니다. 말레이시아의 날씨가 여름만 있습니다. 여름에는 너무 덥고 비가 자주 내립니다. 특히 11월하고 12월 비가 많이 옵니다. 그두월에는 학교 방학 있습니다. 아이들이 하고 어린들이도 휴가 때 있습니다. 그리고 가축 여행을 가거나 집에서 쉬습니다. 사람들이 부통 외국어나 국내에 여행을 합니다. 산에 구경하러 갑고 바다에 소영하러 갑니다. 아주 재미있습니다. 부모님도 바빠습니다.	70	A2
A200137_v01.txt_2.txt	우리 나라의 계절과 날씨	프랑스 계절의 보통 깨끗합니다. 겨울에 좋아하고 재밌이습니다. 여름에 방학을 많이 있어서 사람들이 바다나 수용장에 자주 갑니다. 봄에 프랑스 계절의 맑거나 구름이 끼고 많아요. 보통 사람들이 시간이 있으면 잼을 만들습니다. 여름의 날씨는 돕고 바람이 별려부닙니다. 그 계절에 갬핑이나 바다를 구경하러 가요. 가울의 날씨는 항상 비가 내리니까 집에서 놀합니다. 제 어머님이 잼 만들러 같이 먹어요. 겨울에 가끔 눈이 내려서 기온은 좁습니다. 눈이 내리고 있으면 눈사람이나 눈싸흠 합니다.	50	A2
A200150_v01.txt_2.txt	우리 나라의 계절과 날씨	여러분 제 나라의 날씨는 소개합니다. 알지레는 사계절이 있습니다. 날씨는 다양합니다. 언저, 가울에는 날씨가 시원하고 단풍이 아름압습니다. 그리고 겨울은 날씨가 아주 춥고 비가 많이 옵니다. 그리고 신에 눈이 많이 내립니다. 그때 사람들 스키장에 갑니다. 제 나라에서 봄 올 때 꽃이 피고 날씨가 따뜻하고 뒙니다. 그리고 사림들이 시진을 찍으러 시골에 갑니다. 다음은 알지레 여름에는 날씨가 무척 덥습니다. 여러분이 제 니라의 남쪽에서 사하라 사막 있으니까. 그 쪽에 여름은 특히 덥습니다. 사림들이 바다에 갑니다. 마지막으로 나라는 아주 보고 싶습니다.	70	A2
A200103_v02.txt_2.txt	우리 나라의 계절과 날씨	홍콩는 사계절이 있습니다. 봄은 3월부터 5월까지입니다. 봄은 따뜻하고 습합니다. 너무 습해서 벽에 물이 나오기 때문에 새 벽지를 바릅니다. 봄이 따듯하면서 꽃이 많이 펴서 사람들이 꽃구경을 갑니다. 그리고 여름은 6월부터 8월까지입니다. 홍콩에 여름은 덥습니다. 여름이 덥고 습해서 사람들이 수영을 합니다. 가을은 9월부터 11월까지입니다. 가을은 시원합니다. 홍콩에 가을 건조하지만 단풍이 아름답습니다. 사람들이 단풍을 구경기 위해서 등산을 가거나 자전거를 탑니다. 마지막으로 겨울은 12월부터 2월까지입니다. 겨울은 춥습니다. 홍콩은 눈이 오지 안지만 습해서 14도도 많이 춥습니다. 홍콩사람들이 추우면 따뜻한 신선로요리를 먹습니다. 신선로요리를 먹으면 몸에 따뜻하졌습니다.	80	A2
A200148_v01.txt_2.txt	우리 나라의 계절과 날씨	사계절 저는 중국 산동성에서 왔습니다. 제 고향 사계절은 뚜렷합니다. 봄에 춥지 않고 덥지 않아서 저는 봄에 제일 좋아합니다. 봄에는 꽃을 많이 피고 하늘 파란색이고 자연은 녹색이어서 사람들이 구경하러 공원이나 유명한 곳에 갑니다. 진짜 아름답습니다. 여름에도 사람들이 수영하거나 과일을 많이 먹습니다. 여름에 과일 사고 가지 많고 맛있습니다. 제 고향 여름에 최고 기온 36°C이고 최저기온 20°C입니다. 가을에는 날씨가 사늘하고 단풍이 많습니다. 나무가 노란색지고 꽃을 집니다. 모두 노란색이어서 아주아름답습니다. 사람들은 단풍은 구경할겁니다. 참! 겨울에 제일 재미있습니다. 겨울에는 날씨가 춥지만 눈이 내리고 곳곳이 백색입니다. 아이들이 눈사람을 만들고 눈싸움을 합니다. 겨울의 샤부샤부 제일 맛있습니다. 눈을 보면서 맛있는 음식을 보면 정말 행복한 날입니다. 봄이 녹색이고 여름 빨간색이고 가을 노란색이고 겨울 백색입니다. 아! 정말 재미있고 아름답습니다.	80	A2
A200219_v01.txt_2.txt	우리 나라의 계절과 날씨	일본은 사계절이 뚜젓합니다. 봄, 여름, 가을, 겨울이 있습니다. 봄은 따뚯합니다. 5월에는 꽃이 핍니다. 아주 예뿝니다. 그래서 사람들이 공원에 가서 밥을 먹거나 술을 마십니다. 여름은 너무 덥도 비가 많이 옵니다. 사람들은 산이나 바다에 갑니다. 가을은 시원합니다. 10월은 단풍이 아름답고 하늘이 예뿝니다. 사람들이 단풍을 보러 산이나 공원에 갑니다. 겨울은 너무 춥습니다. 특히 "훗카이도"는 눈이 많이 내립니다. 2월에는 "유키 마츠리"가 있습니다. 눈사람을 많이 만듭니다. 사람들이 많이 보러 가요.	90	A2
A200142_v01.txt_2.txt	우리 나라의 계절과 날씨	일본의 계절은 아주 뚜렷합니다. 봄은 따뜻합니다. 따뜻한 바람이 붑니다. 사람들은 꽃 구경을 하러 공원에 많이 갑니다. 여름은 아주 덥습니다. 장마철에는 비가 많이 옵니다. 사람들은 바다나 수영장에 가서 수영을 합니다. 휴가철에는 바다에도 가고 산에도 가고 여행도 합니다. 가을은 하늘이 맑습니다. 단풍이 아주 예쁘고 아름답습니다. 사람들은 단풍 구경을 하러 산에 갑니다. 그리고 가을의 음식은 맛있습니다. 겨울은 아주 춥습니다. 눈이 많이 내리고 차가운 바람이 붑니다. 아이들은 눈사람을 만들고 눈싸움도 합니다. 일본의 사계절은 너무 아름답습니다.	90	A2
A200106_v01.txt_2.txt	우리 나라의 계절과 날씨	프랑스에 한국에보다 계절은 같아요. 봄에 심심한 날씨 있고 창미 꽃이, 사람들을 보통 버섯을 찾이나 등산을 합니다. 여름에 날씨가 도와서 사람들이 수영합니다. 겨울에 너무 추고 눈이 옵니다. 사람들이 산에서 스키를 합니다.	10	A2
A200195_v01.txt_2.txt	우리 나라의 계절과 날씨	한국에 가을은 따듯하고 예쁩니다. 가을은 산으로 단풍은 구경하고 싶에서 산에 갈 겁니다. 가을 때 사람이 거의 여행이나 단풍이 구경갈 겁니다. 친구랑 같이 산에 가서 사진은 찍을 겁니다. 가을 때 산에서 사람이 많습니다. 오늘은 휴일 입니까 산에서 사람이 특이 많습니다. 아기도 많습니다. 가을의 날씨는 아주 따듯합니다. 기분이 아주 좋아서 밥을 많이 먹고 놀었습니다. 경희대학에 단풍이 많아서 사람들이 올겁니다. 한국에 계절은 너무 좋아서 한국에 왔습니다. 지금은 한국 가을이예요. 해빛 있고 날씰 너무 좋습니다. 사람들이 좋을 겁니다.	70	A2
A200132_v01.txt_2.txt	우리 나라의 계절과 날씨	대만에는 네계절이 있습니다. 봄에는 날씨가 따뜻합니다. 그리고 꽃을 많이 핍니다. 사람들이 항상 공원에서 꼿 구경을 갑니다. 5월말, 6월초는 장마철입니다. 장마철동안 거의 매일 비가 옵니다. 여름에는 날씨가 아주 덥니다. 방학 동안 사람들이 바다에 갑니다. 대만 남쪽에 바다가 아주 아름답고 너무 유명입니다. 8월부터 9월까지 태풍이 많습니다. 탱풍 올 때 사람들이 항상 집에 쉽니다. 가을에는 산에서 단풍도 있습니다. 날씨가 시원합니다. 사람들이 단풍 구경하러 등산을 갑니다. 대만 겨울에는 너무 춥고 항상 비가 옵니다. 그리고 가끔 산에서 눈이 옵니다. 아주 춥지만 예쁩니다. 그래서 사람들이 산에 가서 눈싸움하고 눈사람을 만듭니다. 근데 대부분 사람들이 겨울에는 집에 텔러미전을 보거나 쉽니다. 왜냐하면 밖에 너무 춥니다.	80	A2
A200110_v01.txt_2.txt	우리 나라의 계절과 날씨	일본의 게절은 한국하고 떠깥합니다. 여름믄 8월부터 9월까지 가장 덥고, 바다도 아름답습니다. 사람들은 자주 바다에 가서 수영합니다. 봄에 꽃을 보러 공원에 갑니다. 겨을은 따뜻하고 맛있은 음식이 많습니다. 사람들은 당풍이나 등산을 합니다. 가울은 추우니까 감기 조심합니다. 눈이 많이 내리고 예쁩니다.	60	A2
A200283_v01.txt_2.txt	우리 나라의 계절과 날씨	대만의 살씨가 4개 있습니다. 3월부터 5월까지 봄이니다. 봄은 날씨가 시원합니다. 꽃이 많이 펴서 정말 예쁩니다. 봄은 나씨가 좀 춥습니다. 나가면 외투를 가지야 합니다. 6월부터 8월까지 여름이니다. 여름은 정말 덥습니다. 사람들은 수영하기 위해서 바다에 갑니다. 9월부터 11월까지 가을입니다. 가을은 날씨가 추워집니다. 단풍이 많이 있습니다. 가죽들과 산에 단풍을 구경하기 위해서 갑니다. 12월부터 2월까지 겨울입니다. 대만은 섬 떄문에 습기가 많습니다. 그래서 겨울은 더 춥습니다. 하지만 눈이 안 옵니다. 눈이 보고 싶면서 다른 나라에 갑니다.	50	A2
A200079_v01.txt_2.txt	우리 나라의 계절과 날씨	내 나라는 일본입니다. 일본의 계절은 뚜렷합니다. 봄은 다뜻합니다. 꽃을 많이 피나서 많이 사람이 꽃을 구경하러 갑니다. 5월 말부터 6월 말은 창마철입니다. 창마철 기간은 비가 많이 오서 사람들이 안 외촐습니다. 7월 초부터 9월 초는 너무 덥습니다. 요즘 하루의 최고 기온은 35도 입니다. 사람들은 바다에 가거나 수영장에 갑니다. 일본의 가울은 당풍이 아름답습니다. 많이 사람이 교코에 가고 당풍을 구경합니다. 겨울은 춥습니다. 도코는 거의 눈이 안 오치만 나가노랑 후쿠시마는 눈이 많이 옵니다. 그래서 많이 사람이 나가노랑 후쿠시마의 스키장에 갑니다.	80	A2
A200105_v02.txt_2.txt	우리 나라의 계절과 날씨	우리 나라는 사계절이 있습니다. 봄은 4월부터 6월까지 있습니다. 봄에는 점점 따뜻해져서 눈이 녹아서 차가 있는 사람들은 타이어를 여름 타이어로 바꿉니다. 그리고 꽃이 펴서 꽃구경을 갑니다. 여름은 7월부터 8월까지 있고 매우 덥습니다. 훗카이도에는 장마철이 없어서 비가 많이 오지 않습니다. 하지만 매우 더원서 사람들은 여름 방학 때에는 바다에 가고 밤에는 드라이브를 하고 아이스크림을 먹으면서 불꽃을 해서 놉니다. 가을은 9월부터 10월까지 있습니다. 가을에는 쌀쌀해져서 눈이 오기 전에 사람들은 겨울 타이어로 바꿉니다. 산은 단풍이 아름다워서 단풍 구경을 갑니다. 훗카이도의 겨울은 매우 길고 11월부터 3월까지 있습니다. 눈이 많이 오면 사람들은 스키장에 가서 스키를 타거나 스노보드를 탑니다. 눈이 많이 오기 때문에 길에 눈이 많이 있어서 걸을 수 없습니다. 그래서 편하게 걷기 위해서 매일 눈을 치워야 합니다. 그리고 매우 추운 아침에는 다이아몬드 더스트를 볼 수 있습니다.	80	A2
A200099_v02.txt_2.txt	우리 나라의 계절과 날씨	홍콩은 한국처럼 사계절이 있습니다. 봄에 바람이 바다에서 불기 때문에 안개가 짙고 날씨는 습합니다. 아이들은 보통 소풍을 가거나 식물관에 관람하러 갑니다. 여름는 사계절 중에 제일 긴 계절입니다. 6월부터 9월까지 날씨가 아주 덥습니다. 그리고 여름에는 태풍이 불어서 장마절이 있고 폭우도 많이 내립니다. 비가 오지 않으면 사람들이 바다에 가서 수영을 해요. 여행을 좋아하는 사람은 더위를 파하기 위해서 피서를 갑니다. 가을에는 날씨가 쌀쌀합니다. 짧게 2개월 정도에 있지만 바베큐하는 사람이 많습니다. 그리고 가족들과 등산하면서 꽃구경을 갑니다. 하지만 날씨가 가끔은 전조하니까 화재도 있습니다. 겨울는 아주 춥습니다. 걸리네 크리스마스를 분위기 정말 좋습니다. 사름들은 선물을 사려고 쇼핑을 합니다. 밤에서 크리스마스 장식이기 때문에 경치를 아름다워져서 야경을 볼 수 있습니다.	70	A2
A200141_v01.txt_2.txt	우리 나라의 계절과 날씨	우리 나라의 계절입니다. 봄은 날씨가 좋습니다. 꽃이 많이 있고 다뜻합니다. 사람들이 꽃 구경을 하러 공원에 갑니다. 여름은 덥고 비가 옵니다. 사람들은 수영을 하러 바다나 수영장에 갑니다. 가울에는 단풍이 예쁩니다. 사람들이 단풍 구경을 하러 산에 갑니다. 가울은 시원해서 저는 가울을 좋아합니다. 계울은 아주 줍습니다. 눈이 옵니다. 사람들은 스키를 타러 스키장에 갑니다. 아이는 눈사람을 만듭니다.	90	A2
A200205_v01.txt_2.txt	우리 나라의 계절과 날씨	이 날씨가 주고 쌀쌀해요. 이 날씨가 아마 죽구장가서 훈동할거예요. 다음에 계절의 날씨는 눈이 왈거여요. 12월 제절에 프랑스 사람들은 보통 브무님 만나서 함게 먹어요. 같이도 여행을 가요. 스키나 스너보딩을 타요.	30	A2
A200007_v01.txt_2.txt	우리 나라의 계절과 날씨		0	A2
A200091_v01.txt_2.txt	우리 나라의 계절과 날씨	홍콩은 사계절이 있습니다. 봄, 여름, 가을, 겨울이 있습니다. 봄의 날씨는 따뜻합니다. 꽃이 많이 핍니다. 사람들은 봄에 보통 꽃을 보러 산에 갑니다. 여름의 날씨는 너무 덥고 비가 많이 옵니다. 기온은 보통 30도 입니다. 여름에 학생들은 반학이 있습니다. 여름이 너무 더워서 사람들은 바다에 많이 갑니다. 가을의 날씨는 시원합니다. 홍콩에도 단풍이 있습니다. 하지만 많지 않습니다. 사람들은 시원해서 등산을 가거나 단풍의 사진을 찍습니다. 겨울의 날씨는 춥습니다. 히지만 눈이 안 옵니다. 사람들은 보통 친구한테 초대합니다. 집에서 같이 밥을 먹습니다.	90	A2
A200307_v01.txt_2.txt	우리 나라의 계절과 날씨	소페인의 4계절이 있습니다. 스페인 계울의 12월 부터 3월까지 있습니다. 날씨가 조금 추워서 비가도 많이 내렸어요. 계울에서 비가 내려기 때문에 사람이 집에 가거나 백화점을 가습니다. 봄의 3월부터 6월까지 있습니다. 날씨가 쌀쌀했습니다. 봄에 쫓 많있어서 사람이 공운에 가면서 꽂아고 너무 봤습니다. 여름의 6월부터 9월까지 있습니다. 날씨가 덥워지다. 그러면 사람이 바다가거나 산에 갔습니다. 가을의 9월부터 12월까지 있습니다. 가을에서 날씨가 쌀쌀했습니다. 하지마 10월에 추워지다. 날씨가 안 추위면 사람이 공원에 가고 싶습니다. 가을의 너무 빨래서 아주 예뻐서 사람이 공원에 갔습니다.	50	A2
A200145_v01.txt_2.txt	우리 나라의 계절과 날씨	안녕하세요? 저는 조앤입니다. 말레이시아 왔습니다. 제 나라의 계절은 아주 덥습니다. 계절의 날씨는 여름만 있습니다, 그리고 제가 시렇합니다. 그래서 한국에 가서 공부를 합니다. 제 나라 계절의 특징은 장마절에 비가 오고 바람이 많습니다. 발씨가 시렇러 사람이 집에서 있습니다. 그 계절이 사람이 특히 과일을 많이 먹고 운동을 합니다. 왜녕하면 이 날씨가 겅강이 아주 주심합니다. 사람이 많이 기치납니다. 제 나라 날씨가 시렇지만 바나에 아주 예쁩니다. 외국 사람들이 아주 좋아합니다. 수영고 산텐을 좋아합니다. 외국 사람 말레이시아 오러 산텐을 합니다. 제 나라 여행 싸고 재미있습니다.	50	A2
A200006_v01.txt_2.txt	우리 나라의 계절과 날씨	일본 봄은 따뚯해서 꽃이 많이 핍니다. 그래서 사람들은 꽃을 구경하러 자주 갑니다. 꽃이 피 나무 아래서 음식을 먹고 술도 마십니다. 여름은 아주 더워서 아이스를 잘 먹습니다. 사람들은 수영장이나 바다에 갑니다. 하지만 바다하고 수영장이 싫어하는 사람들은 집에 있습니다. 가을은 단풍이 아른다워서 산에 가거나 공원에 갑니다. 날씨가 조금 추워서 코트를 입습니다. 그리고 가을은 맛있는 생선이 유명니까 잘 먹습니다. 겨울은 아주 추워서 눈이 옵니다. 스키하러 스키장에 갑니다. 그리고 이벤트를 있으니까 파티를 많이 합니다.	90	A2
A200213_v01.txt_2.txt	우리 나라의 계절과 날씨	겨절은 음식을 많이 먹고 랄머니, 할아비지 집에 가서 동을 받습니다. 날씨는 좋고 저금 주워요. 계절은 음식을 사라 마트에 갑니다. 계절에 사람들은 보통 외출하거나 집에서 TV를 보고 있습니다.	40	A2
A200154_v01.txt_2.txt	우리 나라의 계절과 날씨	일본의 계절은 한국의 계절하고 거의 비슷해요. 봄은 꽃이 많이 있고, 따뜻해요. 사람들은 산에 가거나 공원에 가서 나무를 보고 식사를 합니다. 여름은 비가 많이 내리고 너무 더워요. 주말에는 바다이나 수영장에 수영하러 가요. 가을은 당푼으로 산이 아주 아름다워요. 사람들은 산에 가서 사진을 찍고 김밥을 먹어요. 날씨는 쌈쌈해요. 겨울에는 눈이 많이 내리고 너무 추워요. 사람들은 스키장에 가서 타거나 집에서 텔레비을 봐요.	90	A2
A200299_v01.txt_2.txt	우리 나라의 계절과 날씨	사우디에서 세겨절이 있습니다. 봄은 뜨뜻하지만 날씨가 병화가 심합니다. 그래서 해미다 1월과 2월에는 꽃이 많이 핍니다. 사람들이 산이나 바다에서 캠핑을 합니다. 여름은 3월부터 7월까지입니다. 정마다 띁나면 날씨가 무척 덥습니다. 사람들은 더워 피기 위해서 바다에서 피서를 캠핑을 많이 합니다. 가을은 8월과 9월까지 시원합니다. 단풍 와만서 사람들은 캠핑을 가서 바베큐를 합니다. 겨울은 10월과 12월인데 날씨가 아주 춥니다. 바람이 풀기 때먼에 사람들은 활동이 별로 없습니다. 수어디에서 눈이 오지 않습니다. 사우디에서 한국저럼 눈이 왔으면 좋겠습니다.	50	A2
A200261_v01.txt_2.txt	우리 나라의 계절과 날씨	일본에는 계절이 봄, 여름, 가을, 겨울이 있습니다. 봄은 3워부터 5월까지입니다. 봄은 따뜻하고 날씨도 좋습니다. 여름에는 6월부터 8월까지입니다. 여름은 날씨가 너무 더워서 많은 사람들은 바다에 수영을 하러 가거나 강에 놀러 갑니다. 그리고 불꽃 축제도 있습니다. 저는 불꽃 축제가 좋아하기 떄문에 여름이 제일 좋아합니다. 가을은 9월부터 11워까지입니다. 가을은 날씨가 시원하면서 맛있는 음식이 많이 있는 계절입니다. 가을에는 사람들은 단붕구경을 하기 위해서 산이나 신사에 갑니다. 겨울은 12월부터 2월까지 있어서 날씨가 춥니다. 제 고향에서는 눈이 오지 않으니까 가끔 눈이 오면 좋겠습니다.	90	A2
A200302_v01.txt_2.txt	우리 나라의 계절과 날씨	저는 파리에는 계절이 소개 할 겁니다. 파리에서 4 계절이 있습니다. 봄하고 여름하고 가을하고 겨울 있어요. 프랑스에서 3월부터 5월까지 여름입니다. 그리고 6월부터 8월까지 봄입니다. 9월부터 11월까지 가을입니다. 12부터 2월까지 겨울입니다. 여름에 날씨가 더워서 사람들은 밖에서 나가기 위해서 소풍을 합니다. 봄에 진짜 더워서 사람들은 집근처에 세수장 있으면 거기에 갑니다. 세수장 없고 방학 있을 때 사람들은 바닷가 가면서 쉽니다. 가을에 시원합니다. 그리고 바람 때문에 사람들은 집안내 있습니다. 보통 집에서 취미가 찾습니다. 겨울에 정말 춥지만 프랑스 사람들은 겨울 자주 좋아합니다. 파리 근처에 산 가거나 스키나 스노브드를 탈 수 있습니다. 그리고 눈이 많 낼려서 어린이들은 눈사람 만들고 눈 쑴을 합니다. 눈 때문에 사람들은 일 만 합니다. 그래서 보통 프랑스 사람들은 겨울에 너무 바쁩니다. 저는 생각 프랑스하고 한국 계절 진짜 비슷합니다.	50	A2
A200085_v01.txt_2.txt	우리 나라의 계절과 날씨	프랑스는 사계절이 있어요. 프랑스 봄은 3월, 4월, 5월입니다. 3월 초에 춥지만 5월 말에 따뜻합니다. 꽃은 많 피니까 너무 아름답습니다. 사람들이 기분이 너무 좋아서 도시락을 가러 공원에 갑니다. 여름은 6월부터 8월가찌 있습니다. 하늘이 맑지마 번개가 자주 칩니다. 여름에는 사람들이 바다나 산에 가거나 갬핑을 합니다. 한국 가을보다 프랑스 가을이 춥고 바람이 많이 불어서 사람들이 보통 싫어합니다. 단풍이 아름답지만 비가 많이 옵니다. 하지만 바다 근천에 날씨가 따뜻해서 사람들이 구경하러 여행으로 갑니다. 마지막으로 프랑스 겨울은 춥고 하늘이 흐릅니다. 산에서 눈이 많이 내리서 사람들이 스키를 타러 스키장에 갑니다. 프랑스 겨울보다 한국 겨울이 더 춥고 바람이 많 붐니다.	80	A2
A200119_v01.txt_2.txt	우리 나라의 계절과 날씨	중국의 사계절은 뚜렷합니다. 봄에는 따뜻합니다. 3월부터 5월까지 꽃도 많이 핍니다. 사람들이 꽃을 꾸경하러 산이나 공원에 가요. 여름에는 덥고 비가 많이 오지 않습니다. 더워서 사람들이 산이나 바다에 많이 갑니다. 찬 음식을 먹거나 수영을 해요. 가을에는 쌀쌀해요. 바람도 많이 붑니다. 사람들이 항상 매운 음식을 먹고 운동도 많이 해요. 거울에는 눈이 많이 내립니다. 바람도 많이 붑니다. 사람들이 1년 동안 일들을 정리하고 설날이 일들을 준비해요.	90	A2
A200135_v01.txt_2.txt	우리 나라의 계절과 날씨	우리 나라 계절을 소게하겠습니다. 우리 나라는 거의 한국과 같아요. 봄은 꽃이 핍니다. 그리고 사람들은 산이나 공원에 꽃구경하러 갑니다. 여름에는 아주 덥지만 장마철에 비가 많이 옵니다. 거울은 일본 맛있는 음식을 먹고 단풍 구경한 사람이 많습니다. 일본 단풍을 보러 온 외국인 사람도 많습니다. 겨을에는 아주 춥습니다. 그리고 눈이 많이 와서 아이들은 눈사람을 만듭니다. 겨을은 냄비 요리가 인기가 있습니다. 저도 친구나 가족과 자주 냄비 요리를 먹습니다. 한국에서도 하고 싶습니다.	80	A2
A200060_v01.txt_2.txt	우리 나라의 계절과 날씨	저는 중국사람입니다. 저 나라의 계절은 떠닷습니다. 봄, 3월부터 5월 까지 입니다. 봄에 날씨가 닯습니다. 꽃이 많이 핍니다. 사람들은 꽃을 구경합니다. 여름, 6월부터 8월까지 입니다. 비가 많이 왑니다. 날씨가 더웝니다. 사람들은 바다가서 수영을 합니다. 가을, 9월부터 11월까지 입니다. 날씨가 시업니다. 사람들은 단풍구경하러 산에 갑니다. 겨울, 12월부터 2월까지 입니다. 살씨가 추웝니다. 눈이 많이 왑니다. 사람들은 친구하고 키스정에 갑니다. 키스정에 버스이나 자동차로 갑니다. 사람들은 산에 가고 눈 나무 구경합니다.	80	A2
A200105_v01.txt_2.txt	우리 나라의 계절과 날씨	제 고향에는 10월부터 3월까지 춥습니다. 겨울에는 눈이 많이 옵니다. 사람들은 스키장에 스키를 타러 갑니다. 학생들은 수업긑나서 스키장에 갑니다. Summer에는 낮은 아주 덥지만 밤은 아주 춥습니다. 사람들을 걍프거나 BBQ를 합니다. 제 고향의 옥수수는 인기가 많습니다. 그리고 밖에서 술을 마시고 이야기합니다.	50	A2
A200151_v01.txt_2.txt	우리 나라의 계절과 날씨	독일의 계절은 듀렸합니다. 겨울에 툭히 눈이나 비가 와요. 사람은 스키장에 가러 스키를 탑니다. 또 눈사람 만들고 눈싸울 해요. 날씨가 너무 추우니까 옷을 많이 입고 감기에 조지하세요! 가울에 담풍이 아주 아름답습니다. 담풍이 보러 공원에 자주갑니다. 여름에 방학때입니다. 여행을 가거나 집에서 잠을 삽니다. 아이스크림나 차운 커피는 인기가 많아요. 봄에는 꽃이 많 피고 하늘 맑습니다. 사진 찍어서 사진 친구한테 보여요. 봄에 여름보다 날씨가 시원합니다. 그러지만 봄에는 겨울보다 따뜻합니다. 저는 다 사 계절은 마음에 들어요.	80	A2
A200199_v01.txt_2.txt	우리 나라의 계절과 날씨	우리나라는 베트남입니다. 베트남에서 세계절을 뚜렷합니다. 봄에는 날씨가 따뜻합니다. 곳곳마다 꽃이 핍니다. 특히 사월에는 꽃이 많이 펴서 사람들은 보통 고궁에 구경하러 갑니다. 여름에는 날씨가 너무 덥습니다. 특징은 유월에는 비가 많이 내려요. 창마전입니다. 창마전 끝나고 친월만부터 팔월초까지 날씨가 너무 더워서 사람들은 보통 바다에 여행을 하거나 수영을하러 갑니다. 가을에는 날씨가 쌀쌀합니다. 특장을 단풍을 아주 아름다워서 사람들은 보통 구경을 합니다. 겨울에는 날씨가 춥니다. 베트남에서 특징은 눈이 안 내립니다. 그래서 사람들은 보통 해외여행을 갑니다. 주로 한국이나 일본에 여행을 갑니다.	80	A2
A200092_v01.txt_2.txt	우리 나라의 계절과 날씨	대만의 계절은 한국의보다 더고 춥습니다. 3월부터 5월까지 붐입니다. 6월부터 8월까지 여름입니다. 9월부터 11월까지 가을입니다. 12월부터 2월까지 겨울입니다. 대만에서 여름에 너무 더워요. 대뿐이 있습니다. 비가 많이 있습니다. 겨울에는 추고 춥춥습니다. 붐에 사람들이 공원이나 산에서 갑니다. 꽃이 곳곳에 많이 있습니다. 여름에 바다이나 수영장은 사람들이 많이 있습니다. 아이스크름을 많이 먹습니다. 가을에는 산에서 당분이 많습니다. 겨울에는 사람들이 사부사부 먹습니다. 옷을도 입어 많이 있습니다. 하지만 대만의 겨울은 너무 습습니다.	60	A2
A200000_v01.txt_2.txt	우리 나라의 계절과 날씨	우리 나라의 계절은 봄, 여름, 가을, 겨울이 있습니다. 여름의 날씨는 아주 덥고 비가 많이 옵니다. 가을의 특징은 당풍이 너무 아름다워서 사람들이 사진을 찍으러 산에 갑니다. 그레서 사람들이 사진을 찍으러 산에 가거나 여행을 떠답니다.	20	A2
A200197_v01.txt_2.txt	우리 나라의 계절과 날씨	일본의 계절은 네게 있고 다 여쁩니다. 봄에는 날씨가 좋아고 따똣합니다. 여름의 날씨는 비가 많이 옵니다. 가울의 날씨는 숴원합니다. 계을의 날씨는 아주 줍습니다. 봄에는 꽃이 곳곳에 빕니다. 여름의 아주 덥습니다. 가울에는 단평이 있습니다. 계을에는 아주 줍고 눈이 많이 옵니다. 그 계절에 사람들은 여행에 갑니다. 계을에는 사람들이 눈사람을 만들거나 스키장에 가서 스키를 탑니다. 맛있는 음식도 많이 있으니까 사람들이 음식을도 먹으로 여행에 갑니다.	80	A2
A200138_v01.txt_2.txt	우리 나라의 계절과 날씨	일본에서 계절이 네 개 있습니다. 먼저 봄의 날씨는 따뜻하고 하늘이 맑고 너무 좋습니다. 꽃도 많이 피우서 아름답습니다. 사람들은 꽃 구경하러 공원에 갑니다. 다음은 여름입니다. 여름에는 덥고 비도 많이 옵니다. 특히 6월에 창마철입니다. 창마철이 끝나고 아주 덥습니다. 사람들은 여름 연휴에 바다나 산에 갑니다. 그리고 불꽃도 많이 합니다. 다음 10월, 11월에는 가을입니다. 날씨가 시원하고 단풍이 너무 아름답습니다. 그래서 사람들은 단풍을 보러 자주 산에 갑니다. 그리고 12월부터 3월까지 겨울입니다. 날씨가 아주 춥고 눈도 많이 내립니다. 사람들은 스키를 타러 스키장에 자주 갑니다. 아이들은 눈싸움을 하거나 눈사람을 마듭니다. 그리고 귤을 많이 먹습니다.	80	A2
A200193_v01.txt_2.txt	우리 나라의 계절과 날씨	일본의 날씨는 사계절이 있고 뚜렷합니다. 일본의 봄에는 따뜻하고 아주 예쁩니다. 벚꽃이 많이 핍니다. 사람들은 공원에서 벚꽂을 구경하고 술을 많이 마십니다. 여름에는 날씨가 아주 덥습니다. 여름에 사람들은 불꽂을 보거나 바다에서 수영을 합니다. 그리고 날씨가 아주 더워서 '유카타'를 자주 입습니다. 가울에는 날씨가 시원아고 10월 말부터 쌀쌀합니다. 사람들은 자주 단풍을 구경하러 산에 갑니다. 일본 쿄토의 단풍이 너무 예쁩니다. 그리고 고구마를 많이 먹습니다. 일본의 겨을에는 별로 춥지 않습니다. 사람들은 자주 찌개를 먹습니다. 그리고 사람들은 북쩍으로 가서 스키와 스노보드를 합니다. 저는 일본의 날씨를 좋아합니다.	90	A2
A200053_v01.txt_2.txt	우리 나라의 계절과 날씨	우리 나라의 계절은 뚜력합니다. 봄에는 날씨가 따뜻합니다. 사람들이 꽃을 보러 공원에 갑니다. 여름에는 날씨가 아주 덥습니다. 그러니까 사람들이 바다나 산에 갑니다. 진자 더우니까 건간에 조심합니다. 가을에는 날씨가 쌀쌀합니다. 산의 단풍이 아주 예쁩니다. 사람들이 산에 단풍을 보러 갑니다. 겨울은 너무 춥습니다. 눈이 많이 내립니다. 어린이들 눈사람을 만들고 눈사움을 합니다. 많은 사람들이 스키장에 가서 스키를 탑니다. 일본의 계절은 재미있습니다.	100	A2
A200117_v01.txt_2.txt	우리 나라의 계절과 날씨	중국에 계절을 사개 있습니다. 봄.여름.가을.겨울 있습니다. 봄는 날씨가 따뜿해요. 꽃을 많습니다. 너무 예쁩니다. 중국에 봄에서 사람들이 꽃이 많이 봡니다. 여름 덥습니다. 날씨가 덥습니다. 특히 비가 옵니다. 사람들이 집에서 있습니다. 여름는 아이스크림이도 있습니다. 사람들이 먹고 수영장에 많이 가ㅏㅂ니다. 가을 날씨가 촙지 않아요. 탕풍이 많이 있습니다. 사람들이 책을 많이 봡니다. 겨울 날씨가 너무 춥습니다. 눈이 많이 옵니다. 사람들이 스키장에 갑니다. 그리고, 집에서 있습니다. 눈이 너무 예쁩니다.	50	A2
A200098_v01.txt_2.txt	우리 나라의 계절과 날씨	제 나라의 계절은 비슷합니다. 봄에는 날씨가 따뜻합니다. 여름에는 날씨가 너무 덥습니다. 가을에는 날씨가 시원합니다. 겨울에는 날씨가 춥습니다. 봄에는 꽃이 너무 예뻐서 사람들은 산에 갑니다. 여름에는 방학이어서 사람들은 놀이공원이나 바다에 갑니다. 가을에는 단풍을 보러 사람들은 산에 갑니다. 가을에는 단풍을 보러 사람들은 산에 갑니다. 겨울에는 날씨가 추워서 사람들은 자주 백화점이나 집에 있습니다. 봄에는 예쁜 꽃이 많이 핍니다. 여름에는 태풍이 많고 장마철이 있습니다. 가을에는 단풍이 예쁘고 날씨가 너무 좋습니다. 겨울에는 비가 많이 오고 날씨가 자주 흐립니다.	10	A2
A200203_v01.txt_2.txt	우리 나라의 계절과 날씨	저 나라는 일본입니다. 계절은 봄,여름,가을,겨울이 있습니다. 봄은 기온이 따뜻해서 꽃이 많이 핍니다. 사람들은 꽃구경을하러 공원에 갑니다. 여름은 제일 더워서 사람들은 산이나 바다에 갑니다. 가을은 너무 쉬워서 저는 가을을 아주 좋아합니다. 단풍이 너무 아름다워서 사람들은 산에 가서 단풍구경을 합니다. 겨울은 제일 추워서 가끔 눈이 옵니다. 사람들은 눈사람을 만들고 스키장에서 스키도 합니다. 저는 겨울은 아주 추워서 항상 집에서 공부거나 요리를 하고 지냅니다.	80	A2
A200004_v01.txt_2.txt	우리 나라의 계절과 날씨	일본 오사카에는 봄과 여름과 가울과 겨을이 있어요. 봄은 사크라가 유면이에요. 사크라를 보고 밥이나 술을 먹어요. 여름은 아주 더워요. 7월 말부테 9월 초까지 학교가 없으니까 많이 학생은 여행에 가거나 아르바이트를 해요. 가울은 조금 추워요. 하지만 지내기 쉬워요. 단퐁이 아름다워요. 그래서 사람들은 단퐁을 공원에 보러 가요. 겨을은 아주 추워요. 하지만 눈이 안 와요. 가끔 조금 와요. 그래서 난 눈사람을 만들은 적이 없어요.... 1월1일은 아침 일찍 일어나서 신년의 인사를 해요.	60	A2
A200194_v01.txt_2.txt	우리 나라의 계절과 날씨	저는 대만에서 왔습니다. 우리 나라의 계절은 다얍니다. 봄에는 날씨가 다뜻합니다. 자말천이어서 비가 많이 옵니다. 하지만 꽃이 핍니다. 사람들을 고원에 꽃이 구경하러 가요. 여름에는 날씨가 덥습다다. 사람들을 산에하고 바다에 갑니다. 가을에는 날ㅆ가 시워합니다. 사람들을 산에 당풍을 구경합니다. 당풍는 가을에는 특히 예쁩니다. 겨울에는 날씨가 춥습니다. 사람들을 항상 집에서 델레비전을 보거나 쉬습니다.	70	A2
A200099_v01.txt_2.txt	우리 나라의 계절과 날씨	프랑스에서 봄에 너무 이상하고 한국보다 달랍니다. 언제 비가 오할지 몰라서 우산을 가방 안에 항상 있습니다. 여름에 가끔 비가 오고 날씨가 덥습니다. 여름에 날씨가 덥고 바람을 좋습니다. 봄에 꽃이 핍니다, 날씨가 따뜻해서 나무가 녹색입니다. 겨울에 날씨 너무 추워서 따뜻한 장소에 가거나 밖에 나가지 않습니다. 여름에는 너무 가장 좋아서 더운 날씨 버러 남쪽에 갑니다. 친구랑 같이 수영장 가거나 숲에 갑니다. 아이스크림 먹고 싶으러 아이스크림집 같이 갑니다. 여름에 밖에 책을 읽고 추운 주스를 마십니다. 보통 여름에 사람들이 휴가에 가거나 밖에 놀습니다. 다른 나라 보고 싶으러 여행에 갑니다. 가족이랑 시간 보내고 놀아서 사진을 많이 찍습니다.	60	A2
A200103_v01.txt_2.txt	우리 나라의 계절과 날씨	일본은 사계절이 있습니다. 3월부터 5월까지가 봄입니다. 봄에는 날씨가 따뜻하고 꽃이 많이 핍니다. 사람들은 꽃구경을 자주 합니다. 6월부터 8월까지는 여름입니다. 일본에는 장마철이 있어서 6월부터 7월 중순까지 비가 많이 옵니다. 7월 말부터 8월까지는 날씨가 아주 덥습니다. 그래서 사람들은 바다에 갑니다. 9월부터 11월까지는 가을입니다. 가을에는 날씨가 서늘하고 단풍이 예쁩니다. 사람들은 단풍 사진을 찍으러 산에 갑니다. 12월부터 2월까지는 겨울입니다. 겨울에는 눈이 많이 내리고 춥습니다. 눈이 많이 와서 사람들은 눈사람을 만들거나 눈싸움을 합니다.	100	A2
