A100146_v03.txt_1.txt	주말 이야기	지난 주 토요일에 친구하고 같이 명동에 갔습니다. 명동에서 쇼핑을 했습니다. 옷을 샀습니다. 그리고 한 식당에서 점심 식사를 했습니다. 고기를 먹었습니다. 진짜 맛있었습니다. 그리고 일요일에 누나하고 형하고 같이 커피숍에서 공부를 했습니다. 그리고 저녁 식사를 했습니다. 술을 많이 마셨습니다. 아주 재미있었습니다. 그리고 집에 가서 잤습니다.	90	A1
A100220_v02.txt_1.txt	주말 이야기	저는 토요일 오전 영호곤는 봅니다. 갈 겁니다. 오후 스프인늘 사고어 하고 프더을 사겁니다. 일요일 저녁 공부해요. 아침 사라구신을 입력불가요.	20	A1
A100268_v02.txt_1.txt	주말 이야기	저는 중국에서 옸어요. 저 이름 전초십니다. 겨희대학교 학생입니다. 저는 가조에 아바라, 어마니, 노나 있었습니다.	10	A1
A100144_v03.txt_1.txt	주말 이야기	주말에 강남에 갔습니다. 강남에서 여자가 예쁩니다. 커피숍도 있습니다. 커피숍에서 우유하고 커피를 마셨습니다. 커피숍이 많이 예쁩니다. 군데 비가 왔습니다. 그레서 십에서 여자친구ㅎ고 영화를 봤습니다. 구리고 사과하고 람면을 먹었습니다.	30	A1
A100202_v02.txt_1.txt	주말 이야기	지난 주말에 부산에 갔습니다. 부산에 바다가 있습니다. 빌리하고 부산에 갔습니다. 부산에 한국 사람이 많습니다. 외국 사람도 많습니다. 부산대학교에 갔습니다. 부산대학교가 큽니다. 부산에서 고굥했습니다.	80	A1
A100209_v02.txt_1.txt	주말 이야기	리사가 학생 식당에 갑니다. 리사가 학생 식당에서 친구를 만습니다. 저기 음식하고 학생을 입니다. 저기 밥을 먹습니다. 물도 맜있습니다. 그리고 학생 식당은 급니다.	10	A1
A100037_v01.txt_1.txt	주말 이야기	토요일에 이태원 갔습니다. 이태원에 친구고 갔습니다. 이태원에 식당 많습니다. 이태원에서 친구는 밥를 먹습니다.	50	A1
A100138_v02.txt_1.txt	주말 이야기	오제 친구가 만았습니다. 친구가 옷을 사고 싶었습니다. 그레서 우리 명동에 갔습니다. 명동에 가게가 많습니다. 옷가게가 있습니다. 식당도 있습니다. 옷을 에쁩니다. 친구하고 옷을 샀습니다. 기분이 좋았습니다.	70	A1
A100229_v02.txt_1.txt	주말 이야기	저는 지난 주말 토요일에 동대문에 갔습니다. 동대문에서 옷하고 신발을 샀습니다. 옷은 비싸지 않았습니다. 하지만 신발이 조금 쌌습니다. 모자도 사고 싶었습니다. 하지만 모자가 아주 비쌌습니다. 그래서 저는 모자를 사지 않았습니다. 매주 일요일에는 장구 교실이 있습니다. 지난 일요일에도 소고교실에 갔습니다. 소교 교실에서 친구하고 같이 소고를 배웠습니다. 저는 일본에서도 소고를 배웠습니다. 하지만 지금도 아직 소고를 잘 못했습니다. 소고는 아주 어렵습니다. 소고 연습 후에 친구하고 같이 커피숍에 가서 커피를 마셨습니다. 그리고 이야기를 했습니다. 정말로 재미있었습니다. 커피숍에 사람이 많이 있었습니다.	90	A1
A100161_v02.txt_1.txt	주말 이야기	저는 주말에 명동에 갔습니다. 친구하고 갔습니다. 명동에 옷하고 화장붐을 있습니다. 옷을 많았습니다. 화장붐도 많았습니다. 저는 쇼핑을 했습니다. 화장붐하고 신발을 샀습니다. 친구하고 같이 치즈 비빔밥을 먹었습니다. 치즈 비빔밥을 맛있었습니다. 재미있었습니다. 저는 명동에 좋아했습니다.	80	A1
A100249_v02.txt_1.txt	주말 이야기	지난 주말에 홍대에 갔습니다. 친구하고 갔습니다. 홍대에 옷가게가 많습니다. 식당도 많습니다. 홍대에서 옷을 샀습니다. 신발도 샀습니다. 노래방에 있습니다. 그래서 노래했습니다. 아주 재미있었어요!	90	A1
A100026_v02.txt_1.txt	주말 이야기	주말 노래방에서 갔습니다. 언니하고 남동생하고 친구가 갔습니다. 우리 노래했습니다. 저는 노래를 좋아했어요. 우리 물은지 않마십니다. 우리 주스를 마셔했습니다. 오후 3시부터 6시까지 우리 재미있습니다.	50	A1
A100270_v02.txt_1.txt	주말 이야기	저는 지난 주말에 강남에서 갔어요. 저 진구하고 갔어요.	30	A1
A100097_v01.txt_1.txt	주말 이야기	지난 주말에 동대문에 갔습니다. 친구하고 백화점에 갔습니다. 옷을 샀습니다. 가방도 샀습니다. 동대문에 커피숍이 있었습니다. 커피숍에서 커피를 마셨습니다. 저녁에 비빔밥을 먹었습니다. 재미있었습니다.	90	A1
A100277_v02.txt_1.txt	주말 이야기	지난 주말에 도우미 하고 같이 명동에 갔습니다. 비가 오지 않았습니다. 하지만 날씨가 너무 춥었습니다. 명동에서 사람들이 많았습니다. 가게가 많이 있었습니다. 옷가게하고 구두가 많이 있었습니다. 옷을 너무 예뼜습니다. 그리고 옷을 너무 쌉니다. 그레서 저는 옷을 많이 샀습니다. 식당이 많이 있었습니다. 한국 음식이 아주 맛있었습니다. 불고기하고 김치째개 너무 좋았습니다. 명동에 아주 재미있었습니다. 저는 너무 행복았습니다. 다음달에 친구하고 명동에 가겠습니다.	90	A1
A100025_v03.txt_1.txt	주말 이야기	지난 주말에 친구들하고 같이 도대문에 갔습니다. 동대문에서 쇼핑을 했습니다. 제 친구 리사가 치마하고 가방을 샀습니다. 저도 가방을 샀습니다. 동대문에서도 햄버거를 먹었습니다. 아주 맛있었습니다. 저는 햄버거를 정말 좋아합니다. 지난 주말에 재미있었어요.	80	A1
A100090_v02.txt_1.txt	주말 이야기	지난 주말에는 백화점에 갔습니다. 백화점은 너무 큽니다. 그리고, 중국 사람이 많았습니다. 백화점은 명동 근처에 있었습니다. 백화점에는 옷가게하고 가방가게하고 신발가게하고 식당하고 극장하고 커피숍이 있었습니다. 백화점에서 친구하고 같이 옷하고 가방을 샀습니다. 신발도 샀습니다. 영화를 봤습니다. 그리고 밥을 먹었습니다. 기분이 정말 좋았습니다. 아주 재미있었습니다.	90	A1
A100303_v02.txt_1.txt	주말 이야기	저는 지난 주말에 동대문에 친구하고 갔습니다. 동대문에서 쇼핑을 했습니다. 거기에는 백화점하고 옷가게가 많습니다. 식당도 많습니다. 그리고 음식은 청말 맛있었습니다. 동대문은 참 재미있었습니다. 동대문에 옷이 쌉니다. 제가 가방하고 옷을 샀습니다.	80	A1
A100297_v02.txt_1.txt	주말 이야기	저는 속초에 갔습니다. 저는 남자친구하고 갔습니다. 식당이 있습니다. 바다도 있습니다. 속초에서 비빔밥을 먹었습니다. 비빔밥을 맛있었습니다. 저는 운동했습니다. 어디 행복앴습니다.	80	A1
A100027_v03.txt_1.txt	주말 이야기	저는 지난 주말에 명동에 갔습니다. 명동은 옷가게가 많습니다. 화장품가게도 많습니다. 친구하고 명동에 갔습니다. 저는 화장품을 샀습니다. 친구도 화장품을 샀습니다. 점심에 식당에 갔습니다. 국수를 먹었습니다. 국수는 아주 맛있었습니다.	90	A1
A100092_v02.txt_1.txt	주말 이야기	지난 주말에 신사동에 갔습니다. 친구하고 갔습니다. 신사동에 옷가게가 있습니다. 가방가게도 있습니다. 제 친구는 옷가게에서 옷을 샀습니다. 저는 가방가게에서 가방을 샀습니다. 전심에 친구하고 일본 요리를 먹었습니다. 아주 맛있습니다. 전년에 마트에서 쇼핑을 했습니다. 과일하고 과자를 샀습니다. 아주 재미있습니다.	90	A1
A100046_v02.txt_1.txt	주말 이야기	지난 주말에 수족관에 갔습니다. 남자 친구하고 같이 갔습니다. 회기역에 커피숍에서 만났습니다. 수족관에 성삼역 옆에 있습니다. 그리고 우리는 버스를 탔습니다. 수족관에 사람이 많았습니다. 우리는 해영 동물을 많이 봤습니다. 백화점에 수족관 옆에 있습니다. 그래서 쇼핑을 했습니다. 조금 피곰했습니다. 하지마 재미있었습니다. 저는 수족관을 아주 좋아합니다.	90	A1
A100083_v02.txt_1.txt	주말 이야기	지난 주말에 명동에 갔습니다. 친구 하고 쇼핑 갔습니다. 명동에서 옷가게 구두가게 많습니다. 친구 구두를 샀습니다. 옷을 정말 예쁩니다. 오후 한시 우리 라면 먹었습니다. 너녁에 명동에도 갔습니다. 한국음식을 먹었습니다. 맛있었습니다. 오늘 비곤했습니다. 하지만 기분이 좋았습니다.	50	A1
A100140_v03.txt_1.txt	주말 이야기	저는 인종헌가 입니다.	0	A1
A100252_v02.txt_1.txt	주말 이야기	저는 건대에 갔니다. 무함다드는 갔습니다. 무함마든느 입니다. 소프영도 먹입니다. 저는 잭 감븡함니다.	10	A1
A100142_v01.txt_1.txt	주말 이야기	저는하고 삼촌 수원에 갔습니다. 삼촌은 만났습니다. 커피숍에 갔습니다. 도 커피를 마셨습니다. 커피숍에서 시험 공부를 했습니다. 3시부터 8시까지 커피숍에서 읹었습니다. 8시 아여브의 집에 갔습니다. 아여브의 집에서 요리를 했습니다. 12시밤에 영화를 봤습니다. 아침에 아침식가를 먹습니다. 1시에 집에 왔습니다.	60	A1
A100108_v02.txt_1.txt	주말 이야기	저는 주말이 차주 운동합니다. 왜냐하면 저는 탁구하고 수영을 좋아합니다. 그래서 주말에는 시간이 있으면 친구하고 가족을 같이 수영장에 갑니다. 주말에는 심심할 때 친구하고 공원에 갑니다. 저기 공기가 너무 좋습니다. 나무가 많아서 공기가 좋습니다. 그래서 사람이 많습니다. 우리는 좋아합니다. 주말에는 시간이 많아서 밤에 집에 친구하고 한국어를 공부합니다. 한국어를 찰지 못하지만 연심히 한국어를 공부하는데 곡 잘 합니다. 이 주말 시간이에요.	30	A1
A100150_v01.txt_1.txt	주말 이야기	지난 주말에 저는 공항에 갔습니다. 저는 공항에서 할머니를 만났습니다. 저는 할머니하고 식당에 갔습니다. 저는 식당에서 비빔밥을 먹었습니다. 할머니도 비빔밥을 먹었습니다. 저는 할머니하고 이야기를 했습니다. 저는 할머니하고 난타극장에 갔습니다. 저는 기분이 좋았습니다.	90	A1
A100250_v02.txt_1.txt	주말 이야기	차는 마샬입니다. 학생은 입니다. 외국인은 입니다. 자는 사오디 사람 입니다. 사요차에서 우유도 많어요. 아버지가 한국 사람 입니다. 곱오해요 9시 우날 바지에서 구두고 싶아요 아머니 아래 비이마릳 사람입니다. 선생님 예쁘요. 에서 아머니도 차는 요리해요.	10	A1
A100031_v03.txt_1.txt	주말 이야기	지난 주말에 여자친구하고 울산에 갔습니다. 울산에서 바다 보러 갔습니다. 바다 근처에 술집이 있었습니다. 우리가 저 술집에서 맥주를 마셨습니다. 여자친구도 맥주를 마섰습니다. 하지만 녀가 맥주를 안 좋압니다. 일요일에 다시 서울에 왔습니다. 기차로 았습니다. 집에 도착있을 때 한국어를 공부를 핬습니다. 죄군 숙제는 정말 어렸습니다.	50	A1
A100215_v02.txt_1.txt	주말 이야기	저는 토요일 오전에 영화관에 영화를 봤습니다. 영화가 너무 재미있었습니다. 오후에 마트에서 과일을 샀습니다. 일요일 아침에 등산을 했습니다. 저녁에 집에서 공부를 했습니다.	100	A1
A100128_v02.txt_1.txt	주말 이야기	지난 주말에 친구 같이 한강 공원에 갔습니다. 우리는 한강공원에 자전건에 탑니다. 일요일은 친구 같이 명동에 갔습니다. 명동에서 사람이 많이 있습니다. 옷을 너무 예쁩니다. 우리는 쇼핑을했습니다. 명동에서 음식을 많이 있습니다. 그리고 맛잇습니다. 우리는 불고기가 먹어습니다. 명동 근처 남삼달에 있습니다. 우리는 밥에 남삼달에 갔습니다. 남삼달에 많이 중국 사람입니다. 너무 친절합니다. 지난 주말에 너무 재미있습니다.	50	A1
A100126_v01.txt_1.txt	주말 이야기	지난 주말에 친구하고 같이 홍대에 갔습니다. 홍대에는 사람들이 많았습니다. 옷 가게하고 식당도 많습니다. 옷이 예쁘지 않았습니다. 그래서 저는 옷을 사지 않았습니다. 제 친구는 비빕밥을 먹어 싶어했습니다. 그래서 저는 친구하고 한국 식당에서 밥을 먹었습니다. 음식이 정말 맛있었습니다. 그래서 기분이 좋았습니다.	80	A1
A100291_v02.txt_1.txt	주말 이야기	저는 주말에 홍대에 갔습니다. 홍대는 옷가게 있습니다하고 커피숍 많읍니다. 식당에서 갔습니다. 밥를 먹습니다도 소주를 맜습니다. 누가 제 징고 갔습니다.	50	A1
A100146_v01.txt_1.txt	주말 이야기	지난 주말에 명도에세 갔습니다. 저는 친구하고 영화를 봤습니다. 명동이 사람은 많습니다. 명동이 음식을 많습니다. 맛있습니다. 지난 주말에 친구하고 재미입니다.	60	A1
A100009_v02.txt_1.txt	주말 이야기	저는 도서관에 갔습니다. 친구하고 갔습니다. 도서관에서 책을 읽있습니다. 도서관어 학생하고 책 많습니다. 책이 재미있다 읽습니다. 도서관에서 대핵생이 이야기지 않있습니다. 저는 대학생입니다. 그래고 도서관에 공봉하니다.	60	A1
A100011_v02.txt_1.txt	주말 이야기	지난 주말 명동입력불가갔습니다. 친구하고 같이 명동갑니다. 거기에는 가게가 많습니다. 친구가 옷가게에서 옷을 샀습니다. 그리고 음삭 많습니다. 서점지 없어않습니다. 우리 커피숍 커프를 마싰습니다. 그리서 명동입력불가좋아했습니다.	60	A1
A100122_v02.txt_1.txt	주말 이야기	지난 주말에 친구를 만났습니다. 저는 친구하고 백화점에 갔습니다. 백화점에 지하2층으로 서점에 있습니다. 저는 친구하고 책을 봈습니다. 저는 치마하고 신발이 샀습니다. 8시부터 10시까지 영화를 봈습니다. 영화가 재미있습니다. 11시부터 비가 왔습니다. 우리 집에 갔습니다.	70	A1
A100008_v02.txt_1.txt	주말 이야기	다음 주 토요일 저는 명동에 갔습니다. 친구하고 같이 갔습니다. 명동에서 옷 가게 하고 식당이 있었습니다. 옷가게하고 식당이 많었습니다. 옷가게에 옷이 예뻤습니다. 운동화가 좋아지 않했습니다. 치마가 좋아했습니다. 그니고 음식이 맜싰었습니다. 커피숍이 많었습니다. 커피가 좋아했습니다. 그래서 명동에 좋아해습니다.	70	A1
A100299_v02.txt_1.txt	주말 이야기	저는 명동에 갔습니다. 명동이 백화점에 갔습니다. 제는 친고하고 깄습니다. 제는 명동에서 피자 먹었습니다. 빅화점에서 커피숍은 있었습니다. 커피숍이 많았습니다. 사람도 많았습니다. 제 친고이 커피를 마셨습니다. 제는 진고하고 집에 갔습니다.	70	A1
A100071_v01.txt_1.txt	주말 이야기	지난 주말에 동대문에 갔습니다. 칭구하고 동대문에 갔습니다. 동대문에 옷 가게가 있었습니다. 동대문에서 옷을 샀습니다. 그리고 거기에서 중국 음식이 먹었습니다. 마시지 않았습니다. 그레서 기분이 안 좋았습니다. 하지만 예쁜옷을 샀습니다. 그레서 기분이 좋았습니다.	80	A1
A100207_v02.txt_1.txt	주말 이야기	저는 저년에 홍대 식당에 티나 씨하고 갔습니다. 저는 한국음식을 먹고 싶었습니다. 그래서 도담에 갔씁니다. 삼겹살하고 사입력불가당을 먹습니다. 사람을 식당에서 많이 있었습니다. 그기고 운동장에 갔습니다. 태권도를 좋아해요. 합기도도 좋아해요. 그래서 태권도를 했습니다.	40	A1
A100089_v02.txt_1.txt	주말 이야기	지난 주말은 재미있었습니다. 일요일에 명동에 갔습니다. 친구하고 갔습니다. 거기에 백화점이 있습니다. 옷을 많았습니다. 사람이 많았습니다. 중국사람도 많았습니다. 하지만 기분이 좋았습니다.	70	A1
A100295_v02.txt_1.txt	주말 이야기	빌리는	0	A1
A100033_v03.txt_1.txt	주말 이야기	저는 지난 주말에 동대문에 갔습니다. 저는 축국 친구하고 백화점에 갔습니다. 우리반 옷을 보고 샀습니다. 신발도 샀습니다. 옷을 아주 쌌습니다. 사람이 많습니다. 날씨가 노무 덥었습니다. 하지만 재미있었습니다. 동대문 백화점이 아주 좋았습니다.	60	A1
A100244_v02.txt_1.txt	주말 이야기	지난 주말에 커피숍에서 친구를 만났습니다. 커피숍에서 키피를 마싰습니다. 그리고 머피도 먹었습니다. 근대 주말 때문에 키피숍에서 사람이 많았습니다. 그리고 이번 주에 시험은 있어요. 그래서 친구하고 커피숍에서 같이 공부를 했습니다. 전녁에 한식집에 갔습니다. 갈비탕을 먹고 싶었습니다. 하지만 친구가 갈비를 먹지 않았습니다. 그래서 우리 비빔밥을 먹었습니다. 그래서 기분이 좋았습니다.	90	A1
A100120_v02.txt_1.txt	주말 이야기	이벙 주말에 친구하고 명동을 했습니다. 토요일에 친구하고 명동에 만나습니다. 고리고 옷 가계가 식당 가계가 신벌 가계가 있습니다. 외국인 사람이 많습니다. 옷 가계가 옷을 예쁩니다. 식당 가계가 음식을 먹습니다. 여지는 재미있습니다. 고러세 일요일에 집에 공부합니다. 열두시 친구하고 밥을 먹습니다. 오후에 우리는 집에 영화를 봅니다.	50	A1
A100064_v03.txt_1.txt	주말 이야기	지난 주말에 도우미하고 동대문에 갔습니다. 동대문에 옷가게가 많았습니다. 식당도 많았습니다. 우리는 일본 삭당에서 밥을 먹었습니다. 음식이 정말 맛있었습니다. 그리고 우리는 쇼핑했습니다. 제가 가방하고 모자를 샀습니다. 도우미가 옷을 샀습니다. 가방하고 모자가 쌌습니다. 옷도 쌌습니다.	90	A1
A100101_v01.txt_1.txt	주말 이야기	지난 주말에 옷가개에 갔습니다. 부머니하고 갔습니다. 옷가개에서 옷을 샀습니다. 이 옷가개는 옷을 예쁩니다. 도 쌉니다. 크래서 첨심에 우리 한국식당에 갔습니다. 이 식당은 부대지개가 있었습니다. 부대지개은 맛있습니다. 이 주말에 좋아했습니다.	60	A1
A100033_v01.txt_1.txt	주말 이야기	저는 친구하고 명동에 갔습니다. 명동에서 옷을 삽니다. 영화관에 갔습니다. 영화관에서 영화를 봤습니다. 영화가 재미있었습니다. 식당에 가지 않았습니다.	50	A1
A100010_v02.txt_1.txt	주말 이야기	주마에 명동이 갔습니다. 오늘 날씨가 좋아하다. 친국하고 캍이 갔습니다. 거기에는 옷가게이 많습니다. 거기에서 쇼핑을 했습니다. 식당에 많습니다. 음식은 막시지 않다. 주마 재미하다.	60	A1
A100158_v01.txt_1.txt	주말 이야기	지난 주말에 저는 친구하고 명동에 갔습니다. 명동에는 옷가게하고 화장품 가게가 많았습니다. 저는 명동에서 쇼핑을 했습니다. 저는 친구하고 명동 영화관에서 영화를 봤습니다. 영화는 너무 재미있었습니다. 그래서 기분이 좋았습니다. 친구는 옷을 많이 샀습니다. 그래서 친구는 기분도 좋았습니다. 저는 명동을 좋아했습니다.	90	A1
A100216_v02.txt_1.txt	주말 이야기	저는 토요일 오전에 친구와 영화관에 가고 영화를 봤습니다. 오후에 저는 슈퍼마겟에 갔습니다. 사과와 포도를 샀습니다. 일요일 아침에 등산을 했습니다. 그리고 저녁에 저는 공부를 했습니다.	90	A1
A100088_v02.txt_1.txt	주말 이야기	한국의 가을은 참 아름답습니다. 날씨가 진짜 좋습니다. 주말에 룸에이트하고 같이 홍대에 갔습니다. 홍대에서 옷가게이 있습니다. 식당도 있습니다. 홍대에서 쇼핑을 했습니다. 구두하고 모자를 샀습니다. 모자가 진짜 예쁩니다. 룸에이트는 불고기를 먹고 싶어 핬습니다. 그레서 식당에 갔습니다. 불고기를 먹었습니다. 가로수길에서 남자를 노래했습니다. 하지만 홍대에 사람이 많았습니다. 우리집으로 갔습니다. 주말에 재미있습니다.	90	A1
A100251_v02.txt_1.txt	주말 이야기	경희에서 입습니다. 제 친구하고 제 식당에 갑니다. 거기에는 경희대학교에 갔습니다. 경희대학교에 친구하고 갔습니다. 경희대학교에 식당하고 도서관이 있습니다. 경희대학교 도서관에서 공부했습니다. 기분이 좋았니다.	30	A1
A100230_v02.txt_1.txt	주말 이야기	친구하고 같이 집에 갔습니다. 거기에는 커퓨터가 있습니다. 집에서 친구하고 같이 이야기했습니다. 그리고 친구하고 같이 트라마를 봤습니다. 저는 요리 했습니다. 맛있지 않습니다. 그리고 맥주를 마셨습니다. 기분이 총었습니다.	90	A1
A100049_v02.txt_1.txt	주말 이야기	지난 주말에 친구하고 같이 청령리에 갔습니다. 거기에서 영화를 봤습니다. 식당에서 부대찌개고 먹었습니다. 영화관이 청령리 백화점 7층에 있습니다. 영화관옆에 커피숍하고 마트도 있습니다. 오후 두시반부터 네시이십육부까지 영화관에서 기술자들을 봤습니다. 거기에 사람이 많습니다. 친구랑 같이 봐서 기분이 좋았습니다.	90	A1
A100049_v01.txt_1.txt	주말 이야기	지난 주말에 커피숍에서 갔습니다. 친구하고 갔습니다. 커피숍에는 시계가 있습니다. 의자도 있습니다. 커피숍에서 공부를 했습니다. 재미있었습니다.	80	A1
A100160_v01.txt_1.txt	주말 이야기	지난 주말에 친구하고 같이 한강공원에 갔습니다. 저는 친구하고 같이 자전거를 탔습니다. 여기에는 나무가 많이 있었습니다. 그리고 꽃이도 많았습니다. 여기에는 공기도 좋았습니다. 제가 기분이 좋았습니다. 친구도 기분이 좋았습니다. 여기에는 정말 좋아했습니다. 다음에 제가 다시 가고 싶었습니다.	90	A1
A100236_v02.txt_1.txt	주말 이야기	주말에 이태원에 갔습니다. 티애원에서 친구를 많있습니다. 이태원에서 친구하고 아ㄼ 음식을 먹있습니다. 그리고 명동에 갔습니다. 명동에서 사람이 많았습니다. 그리고 박화점 갔습니다. 박화점에서 옷을 사았습니다. 지하철에서 댔습니다. 그리고 방집애서 자있습니다.	50	A1
A100136_v01.txt_1.txt	주말 이야기	지난 주말에 친구하고 같이 명동에 갔습니다. 명동에는 식당이 많았습니다. 화장봄집도 많았습니다. 명동에서 먹었습니다. 그리고 쇼핑했습니다. 휴대푼을 사고 싶습니다. 하지만 휴대폰이 너무 비쌌습니다. 휴대푼을 사지 않았습니다. 친구하고 명동에 갔습니다. 기분이 아주 좋아했습니다.	70	A1
A100078_v02.txt_1.txt	주말 이야기	저는 지난주말에 친구하고동대문에갔습니다. 동대문에DDP축제가있었습니다. 가수가공연을했습니다. 가수가 멋있었습니다. 한국사람이 많았습니다. 중국사람도 많았습니다. 공연이 너무멋있었습니다. 그래서 저는 기분이 너무 좋았습니다.	70	A1
A100138_v01.txt_1.txt	주말 이야기	지난 주말에 인사동에 갔습니다. 도우미하고 같이 갔습니다. 인사동에는 학복이 있었습니다. 아주 재미있었습니다. 거기에서 도우미하고 쇼핑했습니다. 날씨가 아주 좋았습니다. 기분도 좋았습니다. 인사동에 사람이 많았습니다. 하지만 심심하지 않았습니다. 저는 인사동에 다시 가고 싶습니다.	80	A1
A100130_v01.txt_1.txt	주말 이야기	저는 명동에 갔습니다. 명동에 친구하고 같이 갔습니다. 명동에서 밥을 먹었습니다. 거기에는 사람이 많었습니다. 명동에서 가방을 샀습니다. 아이스크림 먹지 읺습니다. 저녁 8시에 영화관에 갔습니다. 영화관에서 영화를 봤습니다. 밤에 집에 갔습니다. 재미있었습니다.	70	A1
A100086_v01.txt_1.txt	주말 이야기	저는 아홉시에 일어났습니다. 고리고 치구하고 영화관에 갔습니다. 우리 영화관에서 영어영화를 봤습니다. 고리고 식당에서 밥을 먹었습니다. 치구를 밥을 먹지 않습니다. 고래서 백화점에서 갔습니다. 과자를 먹었습니다. 오은	60	A1
A100098_v01.txt_1.txt	주말 이야기	지난 주말 친구하고 명동에 갔습니다. 명동에 옷가게가 있습니다. 그리고 식당도 있습니다. 명동에서 친구하고 쇼핑을 했습니다. 명동에서 가방하고 옷하고 바지를 샀습니다. 저녁에 식당에서 친구하고 찜닭을 먹었습니다. 그리고 친구하고 이야기했습니다. 기분이 피곤했습니다.	90	A1
A100124_v03.txt_1.txt	주말 이야기	지난 주말에 명동에 갔습니다. 명동에서 친구를 만났습니다. 명동에 옷 가게하고 화장품 가게가 많았습니다. 백화점도 많았습니다. 옷이 예뻤습니다. 화장품이 많고 쌌습니다. 여기에서 친구하고 같이 쇼핑을 했습나. 우리는 화장품을 샀습니다. 백화점이 넓고 깨끗했습니다. 그리고 가게가 많았습니다. 하지만 백화점에 옷이 너무 비쌌습니다. 그래서 백화점에서 옷을 안 샀습니다. 저녁에 우리는 식당에 같이 갔습니다. 김밥하고 떡볶이가 먹었습니다. 아주 맛있었습니다.	90	A1
A100197_v02.txt_1.txt	주말 이야기	지난 주말에 한강에 갔습니다. 친구하구 갔습니다. 한강에는 차가 있었습니다. 배도 있었습니다. 거기에서 자전거를 탔습니다. 거기에서 밥을 먹었습니다. 거기에서 친구하고 게임을 했습니다. 한국 사람하고 춤을 춥니다. 친구하고 사진을 찍었습니다. 저는 기분이 좋았습니다.	90	A1
A100043_v01.txt_1.txt	주말 이야기	지난 주말에 극장에 갔습니다. 언니하고 같이 갔습니다. 극장에 매정이 있습니다. 매정에서 과자를 샀습니다. 주스도 샀습니다. 그리고 코미디 영화하고 액션 영화를 봤습니다. 기분이 좋았습니다.	80	A1
A100077_v01.txt_1.txt	주말 이야기	저는 슈퍼마켓에 갔습니다. 친구하고 같이 갔습니다. 슈퍼마켓이 커피습 옆에 있습니다. 슈퍼마켓에서 샴푸하고 빵을 샀습니다. 슈퍼마켓에서 옷가게가지 않습니다. 커피습에서 신문을 읽습니다. 텔레비전을 봅니다. 그래세 제 기분이 좋았습니다.	70	A1
A100141_v02.txt_1.txt	주말 이야기	저는 해기에 갔습니다. 해기에서 핵상을 갔습니다.	20	A1
A100108_v01.txt_1.txt	주말 이야기	지난 주 금요일에 친구하고 같이 동대문에 갔습니다. 거기에 옷가게가 많았습니다. 신발가게도 많았습니다. 옷하고 신발이 너무 예쁩니다. 그래서 그곳에서 친구하고 쇼핑을 했습니다. 저는 구두를 사고 싶었습니다. 하지만 좀 비쌌습니다. 그래서 옷가게에서 치마를 샀습니다. 모자도 샀습니다. 적녁에 식당에서 밥을 먹었습니다. 비빔밥하고 김밥을 먹었습니다. 오후 열 시에 집에 갔습니다. 너무 행복했습니다. 지난 주 일요일에 친구들하고 같이 한강 공원에 갔습니다. 그곳에서 이야기를 했습니다. 치킨을 먹었습니다. 그리고 무지개분수를 봤습니다. 너무 예쁬습니다.	90	A1
A100116_v02.txt_1.txt	주말 이야기	지난주말에 쇼핑을 했습니다. 친구하고 백화점에 갔습니다. 백화정에서 옷하고 치마하고 가방을 있습니다. 백화점은큽니다. 저는 옷이 삽니다. 저 친구는 가방을 삽니다. 백화정에옷이 너무 예쁩니다. 저는 좋아합니다. 우리도 킴밥을 먹어습니다. 킴밥을 맛있습니다. 우리 백화정을 좋아합니다.	50	A1
A100124_v02.txt_1.txt	주말 이야기	저는 니루이입니다. 저는 꽃이 좋압니다. 크레서 주말에 꽃치에 갑니다. 꽃이 삽니다. 저는 커피가 좋압니다. 크레서 커피숍에 갑니다. 커피가 삽니다. 커피가 듭니다. 저는 이대에 갑니다. 저는 구누을 삽니다. 구누가 예쁩니다. 이대에 사람은 않습니다. 중국사람도 않습니다.	40	A1
A100199_v02.txt_1.txt	주말 이야기	월요일에 오빠하고 영화광에 갔습니다. 영화관에서 영화를 봤습니다. 영화관에 사람이 많습니다. 월요일에 오빠하고 영화광에 갔습니다. 영화관에서 영화를 봤습니다. 밥도 먹었습니다. 영화관에 사람이 많습니다. 그리고 오빠하고 이야기 했습니다. 영화관에서 커피 마셨습니다. 아이스크림도 먹었습니다. 다음에 오빠하고 한강에 갔습니다. 거기에서 자잔거를 탔습니다. 오빠하고 영화관에 가고 싶어요.	80	A1
A100001_v01.txt_1.txt	주말 이야기	주말에 도서관에서 공부했어요. 친구하고 노래방에서 노래했어요. 친구하고 식당에서 비빔밥을 먹었어요. 저 친구는 왕친입니다. 도서관에 책을 많습니다. 사람도 많습니다. 도서관에서 책을 읽었어요. 저는 도서관에서 공부를 재미있었어요.	60	A1
A100214_v02.txt_1.txt	주말 이야기	저는 토요일에 친구하고 영화관에 갔습니다. 그래서 한국 영화를 봤습니다. 슈퍼마켇에 갔습니다. 사과와 바나나를 샀습니다. 저는 일요일 아침에 서락산에 갔습니다. 그리고 처녁에 집에 공부를 했습니다.	70	A1
A100011_v01.txt_1.txt	주말 이야기	저는 지난 주말에 바빴습니다. 저는 9시 명동에 갔습니다. 저는 12시 친구를 만났습니다. 우리는 여자를 봤습니다. 저는 친구하고 김치하고 포도를 먹었습니다. 주스도 마셨습니다. 저는 극장에 가고 싶었습니다. 저는 영화를 극장에서 봤습니다. 영화를 안 좋아했습니다. 주말이 아주 재미있있습니다.	80	A1
A100208_v02.txt_1.txt	주말 이야기	지난 주말에 백화점에 갔습니다. 제 친구하고 옷가게에 갔습니다. 백화점에 옷가게가 많았습니다. 저는 옷가게에서 옷을 사고 싶었습니다. 저는 티셔츠하고 바지를 샀습니다. 그리고. 저 백화점에 도서관이 있었습니다. 영화관도 있었습니다. 제 친구는 영화관에 가고 싶었습니다. 백화점에 쇼핑이 재미있었습니다.	70	A1
A100103_v01.txt_1.txt	주말 이야기	내일에 대만에 루이스 씨는 갑니다. 루이스 씨는 머리 아빱니다. 학교에 안 갑습니다. 동대문에 친구하고 같이 밥을 먹습니다. 여구를 눙구를 재미있습니다. 한국에 어머니하고 누나하고 같이 옵습니다. 경회대학교에서 친구를 만납니다. 어머니하고 누나하고 친구하고 같이 실당에 갑니다. 실당에서 김치를 비빔밥도 먹습니다. 한강에서 친구하고 어머니하고 누나하고 같이 자전거를 탑니다.	50	A1
A100210_v02.txt_1.txt	주말 이야기	명동에 갔습니다. 제 친구하고 갔습니다. 옷가게 있습니다. 식당도 있습니다. 백화점에서 쇼핑을 했습니다. 지하철에 탔습니다. 백화점 식당에서 비빔밥을 먹었습니다. 제 친구는 김밥을 먹었습니다. 옷가게에서 옷을 샀습니다.	100	A1
A100201_v02.txt_1.txt	주말 이야기	진난 주말에 제 친구 집에 갔습니다. 제 친구가 모하마드라고 합니다. 모하마드 집에서는 요르단 음식을 먹었습니다. 그리고 영화를 봤습니다. 그리고 모하마드하고 명동에 갔습니다. 명동에 백화점에서 바지를 샀습니다. 모자도 샀습니다. 그 다음에 우리 기숙사에 갔습니다. 정말 재미있었습니다.	80	A1
A100136_v02.txt_1.txt	주말 이야기	주마에 나하고 제 친구가 같이 명동에 갔습니다. 명동에서 옷가게, 학국음심가게하고 사람 많았습니다. 나는하고 친구가 학국 음심를 먹었습니다. 한국음심는 맛싰었습니다. 음심후 가방가게가 갔습니다. 제친구가 가방를 샀습니다. 명동에세가게가 재미있었습니다. 고레서 우리 기분이 많이 좋았었습니다.	50	A1
A100154_v01.txt_1.txt	주말 이야기	지난 토요일에 친구들하고 동대문에 갔습니다. 동대문역사문화공원역 위에 큰 건물이 있었습니다. 그 건물이 동대운역사공원이었습니다. 공원앞에 숍핑센터가 많았습니다. 백화점에서 친구들이 옷을 샀습니다. 저는 액세서리도 샀습니다. 밤에 동대문역사문화공원 그처에 건물의 네온사인이 밝았습니다. 그래서 친구들이 사진을 찍었습니다. 기분이 정말 좋았습니다.	90	A1
A100289_v02.txt_1.txt	주말 이야기	지난 주말에 옷을 사고 싶어요. 그래서 친구하고 명도에 갑니다. 명도에서 백화점이 있습니다. 옷이 많습니다. 명도에서 친구하고 옷이 삽니다. 명도에서 섬심에 먹습니다. 보고기가 먹습니다. 볼고기가 너무 맛입니다. 명도가 너무 좋아해요. 옷이 비싸지 않습니다. 요리는 맛입니다.	70	A1
A100204_v02.txt_1.txt	주말 이야기	주말에 친구하고 명동에 갔습니다. 명동에 옷가게하고 식당이 있습니다. 옷가게가 많습니다. 친구가 모자를 사고 사고 싶어했습니다. 옷가게에서 모자를 샀습니다. 모자가 예쁩니다. 친구가 모자를 샀습니다. 바지도 샀습니다. 저는 친구하고 불고기를 먹었습니다. 불고기가 맛있습니다. 기분이 좋았습니다.	70	A1
A100307_v02.txt_1.txt	주말 이야기	저는 지난 주말에 면동에 갔습니다. 면동에서 백화점하고 식당을 많았습니다. 친구하고 쇼핑을 핬습니다. 저는 옷을 사고 싶었습니다. 명동에서 옷을 쌌습니다. 그리고 사람이 많았습니다. 나중에 식당에 갔습니다. 식당에서 김밥을 먹었습니다. 파전도 먹었습니다. 지금 피곤핬습니다.	90	A1
A100246_v02.txt_1.txt	주말 이야기	식당에 갔습니다. 친고를 갔습니다. 삭당에 먹습니다. 비빔밥를 김치하고 많습니다. 비빔밥 씨서요. 멀을 머십니다. 밮도 먹습니다.	40	A1
A100081_v01.txt_1.txt	주말 이야기	지난주말에 명동에 갔습니다. 여자친구하고 명동에 갔습니다. 사람이 많습니다. 재미있습니다. 저는 운동화를 사고 싶습니다. 여자친구가 모자를 사고 싶습니다. 그레서 모자가게 갔습니다. 모자를 많습니다. 진짜 예쁩니다. 점심에 한국음식을 먹었습니다. 운동화를 사지 않습니다. 영화를 보지 않았습니다. 커피숍에서 커피를 마셨습니다. 지난 주말에 정말 재미있습니다. 너무 종습니다. 즐거웠습니다.	70	A1
A100158_v02.txt_1.txt	주말 이야기	에대완에 갔습니다. 누구하고에서 갔습니다. 목요일 회기를 갔세요. 진고도 먹어요.	20	A1
A100021_v03.txt_1.txt	주말 이야기	명동에서 갔습니다. 오빠 같시 하고 갔습니다. 명동에세 식당에 맜습니다. 명동에 반 예쁩니다. 게 옷가기요서 바지도 치마 서코 오빠가 내라방에서 갔습니다. 고레사 명동은 좋아해요. 명동에 잼이흤어요. 제 빵에세 왔습니다.	60	A1
A100105_v01.txt_1.txt	주말 이야기	지난 토요일에 저는 남지친구하고 강남에 갔습니다. 제 한국 친구가 만났습니다. 잠심 열도시에 비빔밥을 먹었습니다. 도시부터 네시까지 저는 친구하고 남자친구 쇼핑을 했습니다. 지마하고 모자를 샀었습니다. 저녁에 삼겹살을 먹었습니다. 그리고 맥주를 마셨습니다. 한국음식을 좋아합니다. 지난 일요일에 도서관에서 한국어를 공부했습니다. 제 스웨든 친고도 도서관에 갔습니다. 한국어는 재미있습니다. 하지만 한국어는 얼엽습니다. 일곱시부터 이타리아 식당에서 피자를 먹었습니다. 지난 주말에 정말 밥았습니다.	70	A1
A100001_v02.txt_1.txt	주말 이야기	어제 저는 학교에 갔습니다. 학교에서 친구하고를 다닙니다. 학교에 학생 식당 있습니다.	20	A1
A100025_v01.txt_1.txt	주말 이야기	저는 이태원에 갔습니다. 제 아내하고 갔습니다. 그리고 이태원에 식당이 많이 있었습니다. 아랍 식당에서 아랍 음식을 먹었습니다. 옷가게가 있었습니다. 그래서 옷가게가 촣아했습니다. 그리고 영화관에서 영화를 봤습니다. 하지만 옷을 사지 않았습니다. 이태원에 촣았습니다.	90	A1
A100124_v01.txt_1.txt	주말 이야기	지난 주말에 호힘하고 홍대에 갔었습니다. 거기에 옷 가게하고 식당이 있었습니다. 옷 가게에서 쇼핑을 했었습니다. 예쁘옷이 많습니다. 홍대에 식당에서 고기를 먹었습니다. 그 가게에 고기가 비쌌고 맛없었습니다. 우리는 기분이 나빴었습니다. 그 가게가 다시 가지 않습니다.	60	A1
A100073_v01.txt_1.txt	주말 이야기	저는 주말에 명동에 갔습니다. 친구하고 갔습니다. 명동에서 사람이 많았습니다. 옷이 가계 있었습니다. 친구하고 옷이 샀습니다. 저녁에 불고기를 먹었습니다. 볼고기 식당 옆에 과자가 많았습니다. 과자를 먹지 않았습니다. 볼고기를 많이 먹었습니다. 너무 재미있었습니다. 기분이 좋습니다.	80	A1
A100062_v03.txt_1.txt	주말 이야기	지난 주말에 한강에 갔습니다. 오후 3시에 친고를 만났습니다. 고스그하고 리사가 일본에서 웠습니다. 축구를 했습니다. 저녁에 밥을 먹었습니다. 물도 마셨습니다. 밤에 잤습니다. 친구를 좋아합니다. 내일 한국어를 열심히 공부합니다.	90	A1
A100035_v01.txt_1.txt	주말 이야기	주말에 인사동에 갔습니다. 우리 친구와 같이 갔습니다. 우리 친구가 밥을 먹었습니다. 그리고 커피숍이 갔습니다. 커피를 마셨습니다. 영화관이 영화를 봤습니다. 우리 겅원에 가고 싶어했습니다. 하지만 비가를 웠습니다. 우리 겅원에 가지 않았습니다.	70	A1
A100080_v02.txt_1.txt	주말 이야기	지난 주말에 도서관 갔습니다. 친구하고 갔습니다. 도서관에 책이 많아습니다. 도서관에서 친구하고 한국어 공부했습니다. 한국어가 잘 재미있습니다. 한국어를좋아합니다. 그래서 한국어를 잘 공부합니다. 우리 오후 여섯시부터 열시까지 도서관에서 한국어를 공부했습니다. 그리고 우리 같이 밥을 먹습니다. 기분이 기쁩니다. 잘 좋습니다.	60	A1
A100084_v01.txt_1.txt	주말 이야기	토요일에 친구하고 명동에서 옷을 샀습니다. 점심에 명동에서 불고기하고 비빔밥하고 김치를 먹었습니다. 달기가 먹지 않좋아했습니다. 저녁에 백화점에서 신발을 샀습니다. 오늘 친구하고 반갑습니다. 저녁에 친구를 갑니다. 친구하고 텔레비전을 봅니다. 일요일에 아침 저는 집에서 공부합니다. 점심에 도서관에 갑니다.	60	A1
A100212_v02.txt_1.txt	주말 이야기	저는 토요일 오전에 영화관에서 영화를 봤습니다. 오후에 마트에서 과일을 샀습니다. 저는 등산을 촣아합니다. 고래서 일요일 아침에 등산을 했습니다. 저녁에 집에서 공부를 했습니다.	90	A1
A100118_v02.txt_1.txt	주말 이야기	지난 토요일에 명동에 갔습니다. 명동에서 치마하고 바지하고 화장품하고 신발을 샀습니다. 치마하고 신발을 너무 예쁩니다. 화장품을 너무 쌉니다. 오후에 영화를 봤습니다. 영화를 재미있습니다. 저녁에 비비밥하고 불고기를 먹었습니다. 너무 멋있습니다. 하루 아주 피곤했습니다. 일요일에 집에서 공부했습니다. 시험이 준비했습니다. 집에서 책을 읽었습니다. 한국어를 이야기했습니다. 점심 토마토하고 밥을 먹었습니다. 오후에 컴퓨터를 했습니다.	70	A1
A100091_v02.txt_1.txt	주말 이야기	명동에 갔습니다. 친구하고 명동에 갔습니다. 명동에 신발가게 있습니다. 케피숍 도 있습니다. 백화점도있습니다. 친구하고 한국요리를 먹었습니다. 저는 치마 샀고 싶습니다. 그래서 친구하고 같이 백화점에갔습니다. 백화점에서 치마를 샀습니다. 치마는 예쁩니다. 오늘 재미있었습니다.	80	A1
A100023_v01.txt_1.txt	주말 이야기	지난 주말에 친구하고 같이 이대에 갔습니다. 이대에 옷가게가 많습니다. 식당도 많습니다. 그래서, 옷하고 구두를 샀습니다. 식당에서 비빔밥을 먹었습니다. 아주 맛있었습니다. 이화여자대학교가 너무 아름답습니다. 그래서, 친구하고 같이 사진을 찍었습니다. 그리고, 이화여자대학교에서 산책했습니다. 저는 행복했습니다.	90	A1
A100266_v02.txt_1.txt	주말 이야기	지난주에 이태원에 갔습니다. 제 친구들하고 깉이 갔습니다. 이태원에 사람이 많습니다. 이태원에서 파티를 했습니다. 파티를 먹지 않습니다. 파티를 재미있습니다. 하고 인도 식당에 갔습니다. 인도음식를 아주 맛있습니다.	70	A1
A100128_v01.txt_1.txt	주말 이야기	수원에 갔습니다. 그리고 친구하고 같이 갔습니다. 영화관에 있습니다. 운동장도 있습니다. 그리고 아랍음식을 먹지 않했습니다. 영화관에서 영화를 봤습니다. 그리고 영화관에서 형은 만났습니다. 이름은 아요브입니다. 수원에 정말 재미있습니다.	50	A1
A100003_v02.txt_1.txt	주말 이야기	저는 친구하고 같이 명동에 갔습니다. 가게가 입니다. 옷 가게가 많습니다. 옷이 예쁩니다. 저는 모자를 샀습니다. 제 친구도 모자를 샀습니다. 그리고 저는 친구하고 같이 영화를 봤습니다. 저는 친구하고 영화를 좋아합니다. 그리고 중국 식당에 명동에 많습니다. 은심은 맛있습니다. 저는 라면을 막있습니니다. 제 친구는 라면을 막지 않이니다. 명동에 예쁩니다. 드래서 명동에 좋아하니다!	80	A1
A100200_v02.txt_1.txt	주말 이야기	지난 주말에 도우미하고 커피숍에 갔습니다. 커피숍에 책상하고 의자가 있었습니다. 그리고 커플도 있었습니다. 저는 커피숍에서 딸기스무디를 마셨습니다. 도우미는 요거트스무디를 마셨습니다. 딸기스무디는 3300원이었습니다. 저는 딸기스무디가 맛있었습니다. 우리는 커피숍에서 스무디를 마시면서 이야기를 했습니다. 도우미하고 커피숍에 또 가고 싶습니다.	90	A1
A100152_v01.txt_1.txt	주말 이야기	지난 주말에 친구하고 신사동에 갔습니다. 신사동에 옷가게하고 식당이 많았습니다. 친구는 옷을 많이 샀습니다. 저는 만 가방을 샀습니다. 하지만 옷하고 가방이 아부 쌉니다. 저녁 친구하고 식당에 갔습니다. 식당에서 피자를 먹었습니다. 피자가 맛있었습니다. 커피도 마셨습니다. 기분이 좋았습니다. 그래서 신사동에 재미있었습니다.	90	A1
A100160_v02.txt_1.txt	주말 이야기	토요일에, 저는 공항에 갔습니다. ㅈ 어머니는 일본에 여행을 왔습니다. 일요일에, 저는 어머니하고 명동에 갔습니다. 명동에서 옷하고 치마하고 모자를 있습니다. 그리고 많습니다. 명동에서 카레 밥을 먹었습니다. 우유도 마셨습니다. 좋았습니다. 월요일에, 저는 어머니하고 공항에 갔습니다. 제 어머니 태국에 갔습니다. 그레서 저는 방에 갔습니다. 지금 저는 너무 보고 싶습니다. 제 어머니.	80	A1
A100279_v02.txt_1.txt	주말 이야기	주말에 저는 친구하고 제주에 갔습니다. 제주에 피자를 먹었습니다. 그리고 딹도 먹었습니다. 바다에서 수영 안 했습니다. 저는 친구하고 자정저 탔습니다. 그리고 제주에 셔핑 했습니다. 저는 바지를 샀습니다. 지마도 샀습니다.	80	A1
A100003_v01.txt_1.txt	주말 이야기	우리 집에 갔습니다. 강아지하고 제 집에 갔습니다. 우리가 놀았습니다. 저는 줌을 자지 않았습니다. 집에 제침대를 있습니다. 집에 강아지 침대도 있습니다. 하지만 우리가 줌을 안 잡니다. 그리고 강아지하고 밥을 먹었습니다. 저는 빵을 먹었습니다. 제 강아지가 동물 음식을 먹었습니다. 모두 맛있었습니다. 저는 재미있었습니다.	80	A1
A100051_v02.txt_1.txt	주말 이야기	저는 일려일에 며더에 갔습니다. 며더에서 친구는 하고 웃는 샀습니다. 백화관에 서피에서 옷는 샀습니다. 하고 갑입니다.	40	A1
A100264_v02.txt_1.txt	주말 이야기	저는 회기동에 갔습니다. 미나하고 칼리드 갔습니다. 칩에 가지 않요. 보산에서 있었습니다 칩에 갑니다 사과하고 바나나 있습니다 리사하고 빌리가 교실에 오지 않입니다 리사는 칩에서 먹습니다 빌리는 도사권에서 공보합니다.	40	A1
A100063_v03.txt_1.txt	주말 이야기	저는 동대문에 갔습니다. 저는 일본친구하고 갔습니다. 동대문은 식당이 많았습니다. 그리고 옷 가게도 많았습니다. 식당에서 비빔밥을 먹었습니다. 저는 신발이 사고 싶었습니다. 하지만 신발은 삐샀습니다. 그레서 저는 신발은 안 샀습니다.	90	A1
A100036_v02.txt_1.txt	주말 이야기	지난 주말 저는 명동에 갔습니다. 명동에서 음식하고 옷을 갑니다. 커피숍에 사람이 많습니다. 저는 친구를 만났습니다. 이 사람이 왕밍입니다. 왕밍이 치마를 사고 싶어했니다. 저하고 왕밍 옷가게에 갔습니다. 옷이 쌌습니다. 오후 다섯시 저는 식당에 먹었습니다.	80	A1
A100060_v03.txt_1.txt	주말 이야기	지난 토요일에 스웨덴 친구를 만났습니다. 겨희대학교에서 만났습니다. 친구하고 같이 서울역에 갔습니다. 저기는 사람이 많습니다. 광관을 합니다. 그리고 이야기를 합니다. 제 친구가 어머니에게 선물을 주가 싶어 합니다. 그래서 남대문 시장에 갔습니다. 친구는 선물을 삽니다. 다섯시에 제가 아이스크림을 먹었습니다. 제 친구도 아이스크림을 먹었습니다. 지난 토요일이 아주 재미있었습니다. 지난 일요일에 숙제를 했습니다. 지난 일요일은 재미없었습니다.	70	A1
A100007_v01.txt_1.txt	주말 이야기	저는 토요일 아침에 집에서 요리를 했습니다. 그리고, 저는 오후에 여의도에 갔습니다. 저는 친구하고 도우미하고 여의도공원에 갔습니다. 여의도공원이 여의도역 3번 출구 옆에 있습니다. 여의도공원에 예쁜 꽃하고 나무가 많았습니다. 여의도공원에 사람도 많았습니다. 저는 친구들하고 여의도공원에서 자전거를 탔습니다. 그리고, 우리는 공원에서 치킨을 먹었습니다. 기분이 아주 좋았습니다.	100	A1
A100218_v02.txt_1.txt	주말 이야기	저는 주말에 곳을 많이 있었습니다. 그래서 토요일 오전 영화를 보고 오후 쇼핑을 했습니다. 그리고 일요일 아침에 서락산에서 산책했습니다. 아주 일요일에 덜었습니다. 월요일에 시험을 해서 일요일 저녁에 공부했습니다.	50	A1
A100066_v03.txt_1.txt	주말 이야기	지난 주말에 친구하고 동대문시장에서 갔습니다. 동대문시장에 사람이 만습니다. 옷가게가 만습니다. 저는 운동화를 샀습니다. 친구도 샀습니다. 오후 7시에 우리는 식당에서 갔습니다. 음식이 맛습니다. 동대문시장에 좋아합니다.	80	A1
A100050_v01.txt_1.txt	주말 이야기	지난 조말에 명동에 갔습니다. 저는 명동에서 친구를 만났어요. 명동에서 백화점이 있어요! 백화점에서 친구하고 쇼핑을 했어요. 저는 가방하고 책하고 바지를 샀어요. 그리고 명동에서 친구하고 음식을 먹었어요. 빔밥도 빙소를 먹었어요. 정말 맛있었어요! 지난 조말에 너무 재밌섰어요.	60	A1
A100047_v01.txt_1.txt	주말 이야기	지난 주말에 동대문에 갔습니다. 대만 친구하고 동대문에 갔습니다. 동대문에 옷가게가 있습니다. 옷가게가 많습니다. 친구하고 동대문에서 쇼핑을 했습니다. 제 운동화를 샀습니다. 친구도 운동화를 샀습니다. 우리는 재미있었습니다.	90	A1
A100275_v02.txt_1.txt	주말 이야기	수원에 갔습니다. 친고하고 입니다. 집에서 입니다 영화를 보지 않습니다	10	A1
A100102_v01.txt_1.txt	주말 이야기	지난 주말에 한국 친구하고 밥을 먹었습니다. 중국음식을 물만두를 너무 맛있었습니다. 라면도 너무 맛있었습니다. 다음에 동대문에서 쇼핑을 했었습니다. 옷가게가 많이 있었습니다. 옷가게를 많이 밨어서 너무 피곤했었습니다. 다음에 커피숍에서 커피를 마셨습니다. 친구하고 이야기했었습니다. 기분이 너무 좋았습니다.	90	A1
A100301_v02.txt_1.txt	주말 이야기	저는 명동에 갔습니다. 친구하고 명동에 갔습니다. 명동에 식당이 있습니다. 명동에 옷가게이 있습니다. 명동에서 친구하고 밥을 먹었습니다. 명동에서 친구하고 이야기를 했습니다. 명동에 커피숍이 있습니다. 친구하고 커피를 마셔었습니다.	70	A1
A100079_v02.txt_1.txt	주말 이야기	지난 주말에 이대에 갔습니다. 제 친구 리사하고 갔습니다. 리사씨는 옷하고 모자 사고 싶어했습니다. 이대에 많이 백화점 있습니다. 백화점에서 쇼핑을 했습니다. 저는 옷가게에서 치마를 샀습니다. 그리고 동대문에 갔습니다. 저녁에 밥을 먹었습니다. 저는 비빔밥을 먹었습니다. 리사씨는 비빔밥도 먹었습니다. 우리 커피를 마셨습니다. 밤에 집에 갔습니다. 그래서 기분이 좋았습니다.	70	A1
A100075_v03.txt_1.txt	주말 이야기	지난주 토요일에 저는 하고 친구를 같이 요리했어요. 아침 10시에 기숙사 앞에서 만났어요. 그리고 우리는 백화점에 함께 갔어요. 우리는 소고기 하고 생선 고기를 샀어요. 딸기랑 바나나도 샀어요. 그래서 우리는 제 친구 기숙사에서 인도네시아 음식을 요리했어요. 저녁에 음식을 같이 먹었어요. 인도네시아 음식은 아주 마싯었어요. 나중에 저는 하고 친구를 요리 할 거예요.	80	A1
A100221_v02.txt_1.txt	주말 이야기	저는 사가프입니다. 지난주말에 이태완에서 갔습니다. 친구하고 갔습니다. 아랍 음식 먹었습니다. 이태완에 많이 아랍식당 있었습니다. 지하철이 땠습니다. 저는 이태완이 촣아했습니다.	50	A1
A100023_v03.txt_1.txt	주말 이야기	토요일에 인사동에 갔습니다. 도우미하고 갔습니다. 인사도에서 쇼핑을 했습니다. 거기에 화창품가 있었습니다. 한국과차도 있었습니다. 옷이 없었습니다. 하지만 한복 있었습니다. 한복 비쌉니다. 그리고 도우미하고 사친을 찍었습니다. 시람이 적습니다. 장소가 예쁩니다. 거기가 좋아했습니다. 1시부터 3시 20분까지 도우미를 만났습니다. 토요일은 재미있었습니다.	70	A1
A100029_v01.txt_1.txt	주말 이야기	저는 토요일에 명동에 갔습니다. 저는 친구하고 갔습니다. 여기 쇼핑을 했습니다. 한식당에서 비빔밥을 먹었습니다. 물도 마싰습니다. 빙수를 먹지 않았습니다. 명동에 옷 가게는 많습니다. 자전고를 탔습니다. 저는 친구하고 재미있었습니다.	90	A1
A100130_v02.txt_1.txt	주말 이야기	주말에 친구를 만았습니다. 저는 친구하고 명동에 갔습니다. 저는 친구하고 영화를 봤습니다. 저는 사과하고 바나나가 샀습니다. 친구가 옷을 샀습니다. 저는 친구하고 커피숍에 갔습니다. 저는 친구하고 커피를 드있습니다. 도 빵을 드있습니다. 저는 세부터 네까지 책을 봤습니다.	50	A1
A100254_v02.txt_1.txt	주말 이야기	토요일에 친구하고 명동에 갔습니다. 저는 명동을 좋아합니다. 옷가게가 많습니다. 식당도 많습니다. 차동바지를 샀습니다. 식당에서 풀고기하고 김치 만두를 먹었습니다. 명동에 음식은 비쌉니다. 맥지도 비쌉니다. 밤 열두 시에 지하철을 탔습니다. 한 시에 잤습니다. 일요일에 바다에 갔습니다. 여기에 바다는 예쁩니다. 저는 바다 앞에서 앉았습니다. 그리고 센드위치를 먹었습니다. 버스 탔습니다. 그리고 아홉시에 집에 옸습니다.	90	A1
A100040_v01.txt_1.txt	주말 이야기	지난 토요일에 명동에 갔습니다. 명동에서 쇼핑을 했습니다. 명동에서 친구를 만났습니다. 저는 한국 식당에 갔습니다. 식당에 일음이 빕스입니다. 빕스 음식 맛셨습니다. 빕스 식당이 재미있었습니다. 열시 집에서 입력불가습니다. 지난 일요일에 영산에 갔습니다. 영산에서 영화를 봅니다. 거매디 영화를 봅니다. 영화를 일음 해피 피트입니다. 해피피트가 재미있었습니다. 영화를 다섯시부터 아홉시까지.	60	A1
A100015_v01.txt_1.txt	주말 이야기	지난 주말에 명동에 갔습니다. 친구하고 갔습니다. 명동에는 백화점하고 식당이 있습니다. 백화점에서 옷하고 가방을 샀습니다. 친구가 한국음식을 좋습니다. 친구하고 비빔밥을 먹었습니다. 너무 맛있었습니다. 많은 사람이 있습니다. 지날 주말에 너무 재미있었습니다.	90	A1
A100085_v02.txt_1.txt	주말 이야기	명동에 갑니다. 명동에서 신발가게 하고 옷가게 많았습니다. 저는 기분이 좋아합니다. 토요일에 도서관에서 책을 샀습니다. 일요일에 친구하고 동대문시장 갑니다. 아직 예자친구하고 한구요리를 먹었습니다. 기분이 좋아합니다. 일요일에 남자친구하고 PC방 갑니다. 친구하고 같이 음식을 먹었습니다. 오후에서 비빈밥하고 녕면을 먹었습니다. 친구와 노래방 갑니다.	50	A1
A100238_v02.txt_1.txt	주말 이야기	저는 명동에 갔삽니다. 명동에서 친구를 만났습니다. 명동에서 친구하고 같이 쇼핑을 핬습니다. 그리고 친구하고 같이 영화관에 갔습니다. 영화관에서 영화를 봈습니다. 친구하고 같이 식당에 갔습니다. 식당에서 밥하고 김지를 먹있습니다. 친구는 김지가 먹지 않습니다. 그래서 김지가 맵니다.	60	A1
A100051_v01.txt_1.txt	주말 이야기	지난 주말에 친구하고 명동에 갔습니다. 옷가게가 명동에 있었습니다. 커피숍도 있었습니다. 우리 극장에 가서 영화를 봤습니다. 그리고, 커피숍에서 커피를 마셨습니다. 끝나호에 저는 운동화하고 바지를 샀습니다. 저녁까지 피곤했습다. 하지만 기분이 좋아했습니다!	90	A1
A100038_v02.txt_1.txt	주말 이야기	지난 주말에 명동에 갔습니다. 친구하고 같이 갔습니다. 명동에 옷가게가 있었습니다. 옷가게에서 옷을 샀습니다. 명동에 영화관이 많았습니다. 영화관에서 영화를 봤습니다. 지난 주말에 비가 오지 않았습니다. 조금 피곤했습니다.	90	A1
A100138_v03.txt_1.txt	주말 이야기	지난 주말에 친구를 만났습니다. 크리스틴하고 같이 명동에 갔습니다. 명동에서 쇼핑를 했습니다. 옷 가게가 많습니다. 옷하고 모자를 샀습니다. 오후에 커피숍에 갔습니다. 커피숍에서 커피를 마셨습니다. 명동에 한식당이 많습니다. 밤에 불고기하고 비빔밥을 먹었습니다. 불고기가 맛있었습니다. 밤 11시에 집에 갔습니다.	90	A1
A100283_v02.txt_1.txt	주말 이야기	지난 주말에 저는 컨사터에 갔습니다. 친구 하고 같이 컨사두 갔습니다. 거기가 가수는 봤습니다. 가수는 아주 머치습니다. 그리고 이것 컨사터에 살암이 많았습니다. 남자 펜지 않습니다. 여러븐 여자 펜 입니다. 가수 노레고 춤이 했습니다. 기분이 너무 촣아해요.	50	A1
A100206_v02.txt_1.txt	주말 이야기	오늘 명동에 갔습니다. 리사하고 명동에 갔습니다. 명동에 영화관이 있습니다. 명동에 커피숍도 있습니다. 영화관에서 영화를 봤니다. 커피숍에서 커피를 마셨습니다. 영화가 재미있었습니다. 기분이 좋아했습니다.	90	A1
A100013_v03.txt_1.txt	주말 이야기	지난주 주말에 이태원에 갓습니다. 빌리하고 이태원에 갔습니다. 이태원에 외국인식당하고 영화관하고 옷가게가 많습니다. 그레서 빌리하고 가나 음식을 먹었습니다. 제가 코미디 영화를 아주 좋아합니다. 빌리도 코미디 영화를 좋아합니다. 그레서 빌리하고 영화관에서 코미디 영화를 봤습니다. 지난주 주말 세시반에 빌리하고 쇼핑을 했습니다. 제가 컴퓨터하고 옷을 샀습니다. 빌리도 컴퓨터하고 옷을 샀습니다.	90	A1
A100203_v02.txt_1.txt	주말 이야기	토요일에 혜화에 갔습니다. 친구하고 같이 갔습니다. 거기는 벽 위에 그림이 많이 있었습니다. 너무 예뻤습니다. 친구하고 사진를 많이 찍었습니다. 그리고 영화관에서 영화를 봤습니다. 과자를 먹었습니다. 주스도 마셨습니다. 우리 재미있었습니다.	90	A1
A100019_v01.txt_1.txt	주말 이야기	지난 주말에 식당에 갔습니다. 제 친구하고 식당에 갔습니다. 식당에 불고기하고 커피를 있었습니다. 제가 식당에서 불고기를 먹었습니다. 제 친구도 불고기를 먹었습니다. 제가 커피를 마셨습니다. 불고기는 맛있었습니다. 하지만 커피는 맛없었습니다.	90	A1
A100096_v01.txt_1.txt	주말 이야기	지난 주말에 명동에 갔습니다. 친구하고 같이 갔습니다. 명동에 사람이 많이 있었습니다. 명동에서 옷을 많이 샀습니다. 점심에 비빔밥을 먹었습니다. 커피도 마싰습니다. 기분이 좋았습니다.	90	A1
A100155_v02.txt_1.txt	주말 이야기	토요일 백화점에서 갔습니다. 친구하고 갔습니다. 지하철을 탔습니다. 백화점에 옷하고 구두를 많았습니다. 사람도 많았습니다. 옷를 샀습니다. 커피숍에서 이층으로 친구하고 갔습니다. 커피숍에서 커피를 마셨습니다. 재미있었습니다.	90	A1
A100044_v01.txt_1.txt	주말 이야기	저는 친구하고 한강 공원에 갔습니다. 한강 공원이 구리에 있습니다. 저는 친구하고 자전거를 탔습니다. 한강에서 날씨가 좋았습니다. 그래서 사람이 많았습니다. 저녁에 저는 빵을 먹었습니다. 친구도 빵을 먹었습다. 저는 친구하고 사진을 찍었습니다. 저는 기분이 좋았는데 다리가 아팠습니다. 저는 한강공원에 가고 싶었습니다. 자전거를 타고 싶었습니다.	70	A1
A100021_v01.txt_1.txt	주말 이야기	저는 지난 주말에 커페에 갔습니다. 일본 언니 2명하고 갔습니다. 거기에는 커피하고 주스하고 책상하고 의자가 있습니다. 거기에서 시험공부를 했습니다. 그리고 언니들하고 이야기를 했습니다. 우리가 좋아하는 슈퍼주니어의 이야기를 했습니다. 공부의 이야기도 했습니다. 내가 사랑하는 언니들하고 캍이 공부하고 이야기 했습니다. 제 기분이 정말 좋았습니다. 언니들 사랑합니다!!	100	A1
A100031_v01.txt_1.txt	주말 이야기	지난 주말에 명동에 갔습니다. 홍콩 친구하고 갔습니다. 명동에서 쇼핑을 했습니다. 명동에서 옷 가계하고 식당이 많습니다. 명동에서 음식이 비싸지 않습니다. 옷도 비싸지 않습니다. 저는 옷하고 가방이 샀습니다. 명동이 좋아합니다.	80	A1
A100142_v03.txt_1.txt	주말 이야기	저는 주말에 명덩을 갑니다. 명덩을	0	A1
A100247_v02.txt_1.txt	주말 이야기	주말 부신에 갔습니다. 친구하고 갔습니다. 거기에는 식등이 있습니다. 거기에는	50	A1
A100087_v02.txt_1.txt	주말 이야기	지난 주말에 친구하고 명동에 갔습니다. 우리 같이 점심밥을 먹었습니다. 라면하고 불고기를 아주 맛였습니다. 제친구가 라디오를 사고 시펐습니다. 그레서 우리 같이 백화장에 갔습니다. 하지만 라디오를 너무 비쌌습니다. 그레서 제 친구 라디오를 안 샀습니다. 우리 오후 다섯시부터 집에 갔습니다. 지난주말에 제 기분이 아주 좋았습니다.	70	A1
A100081_v02.txt_1.txt	주말 이야기	도서관에 누구하고 깉이 갔었습니다. 도서관에 공부했었습니다. 오후에 명동에서 쇼피를 했었습니다. 사관하고 바나나를 먹었습니다. 영동에서 모자를 봤었습니다. 바지도 봤었습니다. 누구하고 깉이 커피숍에서 커피를 멌었습니다. 영화관에서 영화를 봤었습니다. 아주 지미있었습니다.	60	A1
A100162_v02.txt_1.txt	주말 이야기	토요일에 커피숍에서 도미를 만았습니다. 커피숍에서 커피를 맜았습니다. 식단에서 밥을 먹었습니다. 명동에서 진고를 만았습니다. 일요일에 강남에서 진고를 하고 갔습니다. 약곡에서 약을 싰습니다. 원훠를 갔습니다. 원훠를 붰습니다. 십을 있습니다.	30	A1
A100144_v01.txt_1.txt	주말 이야기	저는 꽃가페에 가고 싶습니다. 저는 제 어머니하고 같이 가고 싶습니다. 제 어머니가 꽃을 아주 좋아합니다. 꽃카페에는 꽃 많습니다. 그리고 커피하고 케이크를 있습니다. 고래서꽃카페에서 이야기하고 커피를 마십니다. 제 어머니가 꽃 정말 좋아합니다. 고래서 어머니는 많이 알습니다. 저도 꽃을 좋아합니다. 하지만 저는 꽃을 물습니다.	40	A1
A100024_v02.txt_1.txt	주말 이야기	주말에 제가 친구하고 커피숍을 갔습니다. 우리 학교를 만납니다. 커피숍이 공부를 합니다. 오후 제 친구하고 백화점 갔습니다. 백화점이 옷하고 구두를 밥니다. 백화점이 우유를 마십니다.	40	A1
A100042_v02.txt_1.txt	주말 이야기	동대문에 롯데 백화점이 있습니다. 그래서 주말에 친구하고 캍이 동대문에 갔습니다. 백화점에는 코트, 옷, 치마, 모자 바지하고 가방이 많습니다. 백화점에서 코트를 사고 싶었습니다. 코트는 아주 예빴습니다. 하지만 코트는 비쌌습니다. 그래서 사지 않았습니다. 주말에 정말 재미있었습니다. 하지만 조금 피근했습니다.	90	A1
A100213_v02.txt_1.txt	주말 이야기	저는 토요일 오전에 친구하고 영화광에서 영화를 봤습니다. 그래서 오후에 슈퍼마겟에서 포도하고 사과를 샀습니다. 일요일은 아침에 등산에 갔습니다. 그래서 저녁에 집에서 공부를 했습니다. 저녁 11시에 잤습니다.	70	A1
A100148_v01.txt_1.txt	주말 이야기	오늘 제 명동에 갔습니다. 친구하고 갔습니다. 명동에 가게가 많습니다. 여기가 옷하고 구두도 많이 있습니다. 그레서 외국인이 자주를 갔습니다. 제 친구하고 커피숍에서 커피를 맜이습니다. 명동에 기분이 좋아했습니다. 밤 열시 반에 친구하고 칩에 갔습니다.	70	A1
A100058_v03.txt_1.txt	주말 이야기	저는 대하교 갔습니다. 저는 뉴칠 갔습니다. 니나는 대하교를 하고 습수요. 방에 쫓이솝니다. 책도 있습니다. 작당에서 대학교 했습니다.	0	A1
A100039_v01.txt_1.txt	주말 이야기	저는 칩에 진고가 갔십니다. 하고 진고가 만습니다. 하고 캉남에서 갔습니다. 하고 9:00보터 12:00시거치 있습니다. 하고 여자진고 만있습니다. 회기에입력불가습니다. 하고 여차친고도 집에 갔습니다. 하고 직당에 갔습니다. 직당에서 먹습니다. 하고 집에 와습니다.	0	A1
A100000_v02.txt_1.txt	주말 이야기	어제 명동에 갔습니다. 친구하고 같이 갔습니다. 가게가 많습니다. 옷가게가 있었습니다. 옷이 예쁩니다. 하지마 옷을 사지 않습니다. 식당에 많습니다. 음식이 맛있었습니다. 그래서 명동은 좋아합니다.	70	A1
A100090_v01.txt_1.txt	주말 이야기	학교에서 곰부를 갔습니다. 진구하고 공부를 갔습니다. 시가에서 과자하고 비빔밥하고 비자하고 멋습니다. 한국어에 무엇을 챘습니다. 기분이 지 어땠않다.	10	A1
A100082_v02.txt_1.txt	주말 이야기	지난주말에 제미있었습니다. 토요일에 친부하고 같이 토서관에서 한국어를 공부했습니다. 저녁에 학생식당에서 밥을 먹었습니다. 그리고 영화관에 갔습니다. 한국영화를 봤습니다. 일요일에 아침에 7시부터 8시까지 공원에서 운동 했습니다. 친구 같이 백화점에갔습니다. 점심을 먹었습니다. 옷가게에 옷하고 운동화를 샀습니다. 저녁에 집에서 우동을 먹었습니다. 김치도 먹었습니다. 한국 음식 맛있습니다.	70	A1
A100137_v02.txt_1.txt	주말 이야기	저는 동대문에 갔습니다. 저는 제 짐구하고 갔습니다. 동대문에서 가게가 많았습니다. 저는 옷가게에 갔습니다. 옷가게에서 옷을 샀습니다. 그리고 식당도 갔습니다. 식당에서 비빔밥을 먹었습니다. 재미있었습니다.	90	A1
A100107_v01.txt_1.txt	주말 이야기	토요일에 친구들이 한강에 갔습니다. 한강에서 사람이 많이 있습니다. 저는 친구하고 한강에서 피자를 먹습니다. 이야기를 했습니다. 일요일에 마타에 갔습니다. 과자하고 라면을 샀습니다. 과자는 천오백원이에요. 라면은 이천원이에요. 과자가 쌉니다. 라면도 쌉니다. 지난 주말에 기분이 너무 좋습니다.	70	A1
A100142_v02.txt_1.txt	주말 이야기	저는 잭당에서 밥을 먹있습니다. 저는 명덩에 갔습니다. 저는 바다에 갔습니다. 저는 영화관에서 영화를 봈습니다. 저는 전구하고 명덩에 갔습니다. 저는 전구하고 대학교에 갔습니다. 잰구이 도서관에서 책을 읽습니다.	50	A1
A100042_v01.txt_1.txt	주말 이야기	명동에 갔습니다. 친구하고 갔습니다. 명동에 옷 가게가 있습니다. 커피숍도 있습니다. 명동에서 쇼핑을 했습니다. 치마를 샀습니다. 모자도 샀습니다. 재미있습니다.	70	A1
A100234_v02.txt_1.txt	주말 이야기	지난 주말에 인사동에 갔습니다. 택시 정류소에서 택시를 기다렸습니다. 인사동에서 친구하고 같이 캠페인을 했습니다. 열한 시부터 다섯 시까지 캠페인을 이용했습니다. 오호에 배고팠습니다. 그래서 친구하고 같이 밥을 먹었습니다. 캠페인을 끝나고 집에 갔습니다. 집에서 쉈습니다.	70	A1
A100211_v02.txt_1.txt	주말 이야기	보상에 캅니다. 제 아내는 갔습니다. 보상에 바다하고 셔핑을 있습니다. 보상에 제 몽골 진구 있습니다. 제 진구는 대학교 학생입니다. 보상에 바다 예쁩니다.	40	A1
A100112_v02.txt_1.txt	주말 이야기	지난 주말에 친구하고 명동에 갔습니다. 친구는 치마를 샀습니다. 저는 바지를 샀습니다. 우리는 꽃이 샀습니다. 친구는 영화를 좋아합니다. 그래서 우리는 영화관에 갔습니다. 영화관에서 영화를 봈습니다. 우리는 오후 6시부터 7시까지 밥을 먹었습니다. 우리는 피자를 먹었습니다. 우리는 거피슈에서 이야기를 했습니다.	90	A1
A100140_v02.txt_1.txt	주말 이야기	일요일에 명동에 갔습니다. 제 친구하고 명동에 갔습니다. 체 친구는 미국사람입니다. 우리는 명동에 한국 친구를 마났습니다. 저는 가방이사고 싶었습니다. 미국 친구는 가방도 사고 싶었어요. 명동이 약국에서있었요. 우리가 쇼핀 을했어요. 식당에서 밥을 먹있습니다. 저는 책을 살었어요.	70	A1
A100132_v01.txt_1.txt	주말 이야기	지난 주말에 강남에 갔습니다. 친구하고 같이 갔습니다. 강남에 식당이 있었습니다. 그리고 극장도 있었습니다. 극장에서 영화를 봤습니다. 그 영화가 재미있지 않았습니다. 후에 식당에 갔습니다. 지난 주말에 기분이 너무 재미있었습니다.	70	A1
A100196_v02.txt_1.txt	주말 이야기	인사동에세 갔습니다. 찬구하고 여동생 갔습니다. 쇼핑에 있습니다. 고기를 먹 맜있습니다. 인사동에세 재미있습니다.	50	A1
A100002_v02.txt_1.txt	주말 이야기	주말에 명동에 갔습니다. 가게가 있었습니다. 옷가게가 많습니다. 그리고 식당이 많습니다. 음식이 맛있었습니다. 친구하고 쇼팡을 했습니다. 옷이 샀습니다. 그래서 저는 명동에 좋아햅니다. 주마에 재미있었니다.	80	A1
A100086_v02.txt_1.txt	주말 이야기	지난 주말에 백화점에 갔습니다. 친구하고 갔습니다. 백화점에서 모자를 사고 싶습니다. 다양한 가계가 있었습니다. 한국 사람이 많았습니다. 중국 사람도 많았습니다. 저는 모자를 샀습니다. 기분이 좋았습니다. 하지만 조금 피군했습니다.	90	A1
A100041_v01.txt_1.txt	주말 이야기	주말에 홍대에 갔습니다. 친구를 지하철역앞에 만났습니다. 홍대에 옷가개하고 커피숍이 많습니다. 옷가개에서 치마를 샀습니다. 모자도 샀습니다. 그리고, 오후 세 시부터 네 시까지 커피숍에서 커피를 마셨습니다. 아이스크림도 먹었습니다. 커피하고 아이스크림은 맛있었습니다. 그래서, 오늘 기분이 좋았습니다.	80	A1
A100122_v03.txt_1.txt	주말 이야기	외국인등록증습니다 한국어과정습니다 티씬고 서울 입국 관리사무소장 카비학생증 경희대학대교 IFC 이타완	0	A1
A100130_v03.txt_1.txt	주말 이야기	주말에 동대문에서 쇼핑했습니다. 동대문에 백화점하고 식당은 있습니다. 백화점에 옷가께는 많습니다. 옷가께에 옷은 싸고 예쁩습니다. 그래서 바지하고 치마를 샀습니다. 오후 두 시에 친구를 만았습니다. 친구하고 같이 식당에 갔습니다. 식당에 백화점 뒤에 있습니다. 식당에서 김밥하고 불고기를 먹었습니다. 김밥은 맛있습니다. 불고기도 맛있습니다. 그래서 동대문를 좋아합니다.	70	A1
A100059_v03.txt_1.txt	주말 이야기	저는 학교에 갑니다. 교실에서 공부를 합니다. 제 친구하고 갑니다. 한국어를 배옵니다. 노래도 배옵니다. 한국어가 재미있습니다. 그런데 어렵습니다. 집에서 말하고 싶습니다. 한국인 영화를 봅니다. 그리고 책을 읽습니다. 월요일부터 그묭일까지 학교에 감니다.	60	A1
A100007_v02.txt_1.txt	주말 이야기	저는 일요일에 도서관에서 갔습니다. 저는 친구하고 도서관에서 갔습니다. 도서관에 책을 있었습니다. 도서관에서 공부했습니다. 저는 책을 읽었습니다. 그래서 일요일에 재미있습니다.	70	A1
A100227_v02.txt_1.txt	주말 이야기	저는 토요일에 명동에 갔습니다. 명동에서 친구하고 같이 영화관 갔습니다. 그리고 친구하고 만났습니다. 명동에서 밥을 먹지 않습니다. 일요일에 회기에 갔습니다. 회기에서 사우디 사람이 만났습니다. 커피숍 같이 갔습니다. 커피숍에세 우유하고 피자를 먹었습니다. 친구하고 같이 공부핬습니다. 그리고 영화관 갔습니다. 영화관에서 영화를 봈습니다. 금요일에 백화점에 갔습니다. 백화점에서 옷을 샀습니다.	60	A1
A100305_v02.txt_1.txt	주말 이야기	저는 서울솝에 갑니다. 나하고 리사가 갑니다. 서울솦에 사람 많습니다. 저는 군구를 합니다. 리사도 공부합니다. 재는 옷습니다.	60	A1
A100032_v02.txt_1.txt	주말 이야기	저는 주말에 명동에 갔습니다. 친구하고 갔습니다. 거기에서 쇼핑을 했습니다. 영화를 봤습니다. 한국어 영화를 아주 재미있었습니다. 명동에 중국사람이 아주 많았습니다. 조금 피곤했습니다. 하지만 아주 재미있었습니다.	90	A1
A100193_v02.txt_1.txt	주말 이야기	기숙사에서 갔아요. 교실에 갔아요. 겐하고 빌리는 갔아요. 교실에 의자가 있어요. 잭생도 있어요. 가방에 치갑 있어요. 연필도 있어요. 제주도에 갔아요. 선생님하고 학생이 교실에 있습니다. 숙제를 공부 했어요.	50	A1
A100028_v02.txt_1.txt	주말 이야기	커피숍에 갔습니다. 어머니하고 아버지 갔습니다. 커피숍에서 커피를 마시습니다. 커피숍에서 칙구를 이야기했습니다. 커피숍은 우유를 마시지 않습니다. 커피숍은 삼시오분에 땠습니다.	60	A1
A100009_v01.txt_1.txt	주말 이야기	저는 지난 주말에 명동에 갔습니다. 일본 언니하고 갔습니다. 명동에 옷 가게하고 신발 가게하고 화장품 가게하고 식당이 많았습니다. 명동에서 밥을 먹었습니다. 감자하고 고기하고 비빔밥을 먹었습니다. 쇼핑도 했습니다. 비가 왔습니다. 저는 비가 안 좋아합니다. 하지만 기분이 아주 좋아했습니다.	90	A1
A100046_v01.txt_1.txt	주말 이야기	지난 주말에 쇼핑을 했습니다. 명동에 갔습니다. 중국친구하고 같이 갔습니다. 명동에 옷가게하고 백화점이 있습니다. 거기에서 구두하고 옷을 샀습니다. 모자도 샀습니다. 공원이 명동근처에 있습니다. 그래서 친구하고 운동을 했습니다. 그리고 지하철로 집에 갔습니다. 재미있었습니다.	90	A1
A100285_v02.txt_1.txt	주말 이야기	저는 이태원에 갔습니다. 그리고 이태원에서 친구를 만났습니다. 그리고 친구하고 같이 축구를 했습니다. 그리고 사우디 식당에 갔습니다. 캅사하고 만디 먹었습니다. 그리고 커피숍에 갔습니다. 커피숍에서 커피를 마셨습니다. 저는 주말에 아주 바빴습니다.	80	A1
A100159_v02.txt_1.txt	주말 이야기	주말에 홍대에 갔습니다. 가수가 많았습니다. 학생도 많았습니다. 친구하고 홍대에 갔습니다. 커피숍에서 커피를 마셨습니다. 옷하고 우유를 샀습니다. 남동생하고 친구하고 같이 노래방에 갔습니다. 주금 피곤핬습니다. 하지만 재미있었습니다. 홍대에 좋아합니다.	90	A1
A100061_v03.txt_1.txt	주말 이야기	토요일에 경희대 운동장에 갔습니다. 거기에서 운동을 했습니다. 친구하고 야구를 했습니다. 축구도 했습니다. 일요일에 수원에 갔습니다. 축구장에서 축구경기를 봤습니다. 수원에서 돼지거기를 먹었습니다. 비빔밥도 먹었습니다. 지난 주말에 죽제하고 공부를 했습니다. 지난 주말에 칩에서 안 쉬었습니다.	90	A1
A100136_v03.txt_1.txt	주말 이야기	내용없음	0	A1
A100194_v02.txt_1.txt	주말 이야기	제는 나리에하고 면동잤가습니다. 공원에 있습니다. 제는 마리하고 극장에 있습니다.	20	A1
A100005_v02.txt_1.txt	주말 이야기	지난 주 칙구하고 커피숍에 갔습니다. 커피숍에서 커피를 마셨습니다. 커피숍에 책을 많지 않습니다. 커피숍에 커피를 많습니다. 우유를도. 커피숍에 학생이 많습니다. 그래서 저는 지난주에 좋아했습니다.	70	A1
A100293_v02.txt_1.txt	주말 이야기	저는 지난 주말에 하늘공원에 갔습니다. 하늘공원에 월드컵경기장 근처에 있습니다. 하늘공원에 꽃하고 나무가 있습니다. 그리고 사람도 많습니다. 저는 하늘공원에서 책을 읽었습니다. 친구하고 캍이 사진을 찍었습니다. 정말 재미있었습니다. 조금 피곤했습니다.	90	A1
A100017_v03.txt_1.txt	주말 이야기	저는 지난 주말에 동대문에 갔습니다. 동대문에서 세시에 친구를 만났습니다. 친구하고 옷을 샀습니다. 그리고 가방도 샀습니다. 여섯시에 집에 왔습니다. 한국어를 공부했습니다. 비빔밥하고 빵도 먹었습니다. 열한시에 터키 영화를 봤습니다. 밤에 우유를 마셨습니다. 밤 열두시에 잤습니다.	90	A1
A100242_v02.txt_1.txt	주말 이야기	저는 지난주말에 친구하고 같이 명동에서 쇼핑했습니다. 명동에서 옷가게이 있었습니다. 식당도 있었습니다. 저는 치마를 사고 싶었습니다. 하지마 옷이 아주 비샀습니다. 그래서 옷을 사지 않았습니다. 그래서 소고기 식당에서 점섬에 밥을 먹었습니다. 지난 주말에 좋았습니다.	80	A1
A100195_v02.txt_1.txt	주말 이야기	저는 모하메드를 마났습니다. 여지친구도 마났습니다. 회기역 앞에서 마났습니다. 그리고 이태원에 갔습니다. 이태원에서 아랍음식을 먹었습니다. 그리고 배화검 갔습니다. 배화점에서 쇼핑을 합니다. 기방하고 구두를 삽니다. 재미있습니다. 그리고 저는하고 여지친구 명동에 갔습니다. 저는하고 여지친구가 커피숍에서 커피를 마습니다. 명동에 시림이 많습니다. 그렌디 저는 머리 아팜니다. 집에 옸습니다.	70	A1
A100034_v02.txt_1.txt	주말 이야기	지난 주말에 친구하고 같이 동대문에서 쇼핑을 했습니다. 동대문에 옷 가게하고 화장품 가게하고 신팔 가게가 많습니다. 동대문에 사람도 많습니다. 저는 친구하고 같이 옷 가게에서 옷을 샀습니다. 옷이 다 예뻤습니다. 저는 신팔을 샀고 싶습니다. 하지만 비쌌습니다. 고레서 신팔을 사지 않았습니다. 좀 피곤 했습니다. 하지만 기분이 좋았습니다. 다음 주말에 친구하고 같이 동대문에 또 가고 싶습니다.	90	A1
A100017_v01.txt_1.txt	주말 이야기	지난 주말에 쇼핑하고 운동을 했습니다. 토요일에 동대문 신발 가게에 갔습니다. 여자친구하고 친구를 같이 갔습니다. 저는 운동화하고 옷을 사고 싶었습니다. 신발 가게에서 운동화하고 신발하고 옷을 샀습니다. 친구는 신발도 샀습니다. 일요일에 학교 농구장에서 농구를 했습니다. 제 신발하고 운동화는 좋아핬습니다. 기분이 좋았습니다.	90	A1
A100067_v01.txt_1.txt	주말 이야기	친구하고 집에 갔습니다. 집에서 책하고 책상을 있습니다. 집에 친구하고 책이 읽었습니다. 책이 재미있었습니다. 고려서 공원에 갔습니다. 공원에서 공돈했습니다. 야국을 좋아했습니다. 기분이 아주 좋아했습니다.	70	A1
A100132_v02.txt_1.txt	주말 이야기	지난주말에 친구하고 명동에 갑니다. 친구하고 명동에 버스를 탑니다. 명동에 사람이 너무 많습니다. 식당에 많습니다. 불고기를 맛있습니다. 친구하고 옷을 삽니다. 명동에 옷을 쌉니다. 오후 7시에 집에서 옵니다.	40	A1
A100287_v02.txt_1.txt	주말 이야기	주말에 이태원하고 명동에 갔습니다. 친구하고 같이 갔습니다. 이태원에서 사우드 음식을 먹었습니다. 명동에서 쇼핑을 했습니다. 명동에서 친구를 만났습니다. 제 친구는 쇼핑 하지 읺습니다. 친구들하고 같이 운동장에 갔습니다. 축구를 했습니다. 지난 주말에 재미있었습니다.	80	A1
A100126_v02.txt_1.txt	주말 이야기	지난 주말에 친구하고 명동에 갔습니다. 아침 친구하고 외대 앞에서 만났습니다. 9시부터 12시까지 친구하고 백화장에서 옷을 샀습니다. 그리고 친구하고 근처 식당에서 밥을 먹습니다. 오후 2시부터 친구하고 같이 그려대학교에 갑니다. 친구하고 버스를 탑니다. 그리고 친구하고 같이 이마트에 갑니다. 이마트에서 유유를 사과하고 바나나하고 샀습니다. 그리고 친구하고 집에 갔습니다.	80	A1
A100079_v01.txt_1.txt	주말 이야기	지난 주말에 제는 명동에 갔습니다. 친구하고 같이 갔습니다. 거기에는 커피숍 있었습니다. 우리 커피숍에서 커피를 막셨습니다. 제는 웃을 사지 않았습니다. 너무 행복했습니다.	70	A1
A100094_v01.txt_1.txt	주말 이야기	저는 지난 주말에 명동에 갔습니다. 친구하고 갔습니다. 가게가 많았습니다. 커피숍하고 백화점이 있었습니다. 저는 친구하고 커피숍에 갔습니다. 커피숍에서 커피를 마셨습니다. 밥을 먹지 않았습니다. 저는 기분이 좋아했습니다.	80	A1
A100104_v01.txt_1.txt	주말 이야기	지난 주말에 영화관에 갔습니다. 친구하고 같이 갔습니다. 여기에서 영화를 봤습니다. 영화관 옆에 한국 식당이 있습니다. 친구하고 비빔밥을 먹었습니다. 냉면도 먹었습니다. 그리고 한강 공원에 갔습니다. 공원에서 친구하고 자전거를 탔습니다. 아주 재미있었습니다.	90	A1
A100100_v01.txt_1.txt	주말 이야기	지난 주말에 할머니하고 어머니가 한국에 왔습니다. 할머니하고 강남에 갔습니다. 사람이 마니 있습니다. 삼천동에서 밥을 먹었습니다. 인사동도 갔습니다. 재미있어습니다.	80	A1
A100004_v02.txt_1.txt	주말 이야기	저는 지난 주말 주말에 동대문에 갔습니다. 저는 룸메이트하고 같이 갔습니다. 한국 날씨가 춥었습니다. 그레서 우리는 동대문 백화점에서 옷을 샀습니다. 식당하고 커피숍이 동대문에 있었습니다. 그리고 우리는 음식을 먹었습니다. 커피는 마시지 않았습니다. 식당 음식이 많있었습니다. 우리 기분이 좋아했습니다.	90	A1
A100191_v02.txt_1.txt	주말 이야기	저는 토요일에 여의나루에서 스케이트을 탔습니다. 그리고 공부를 했어요. 여의나루에 나무가 있었습니다. 꽃도 있었습니다. 일요일에 저하고 스웨덴 친구를 경희대학요에 갔습니다. 아이스크림을 먹었습니다. 그리고 추구를 했습니다. 일요일 저녁에 저하고 스웨덴 친구를 피자를 먹었습니다.	90	A1
A100205_v02.txt_1.txt	주말 이야기	지난 주말에 동대문에 갔습니다. 제 친구하고 동대문에 갔습니다. 거기에는 백화점 있습니다. 거기에서 옷을 샀습니다. 머자도 샀습니다. 거기에 옷가게 많습니다. 하지만 옷이 너무 비싸요. 기분이 쇼핑을 재미있습니다.	60	A1
A100035_v03.txt_1.txt	주말 이야기	오늘 이태원에 갔습니다. 친구를 만납니다. 그리고 친구하고 캍이 식당에서 캅사를 빵도 먹었습니다. 아주 맛있었습니다. 제 년 영화관에서 영화를 봤습니다. 아주 청말 재미있었습니다. 그리고 친구하고 캍이 경회대학교 운동장에서 농구를 핬습니다. 오늘 백화점에 사고 싶습니다. 하지만 돈을 없었습니다.	30	A1
A100132_v03.txt_1.txt	주말 이야기	주말에 저는 도우미하고 N서울더워에 갔습니다. 여기 외국사람 많았습니다. 우리는 서울에 식당에서 밥을 먹었있습니다. 우리는 명동에 갔습니다. 명동에 영화관 있습니다. 우리는 영화관에서 영화를 봤습니다. 영화를 재미있습니다. 우리를 좋았있습니다.	60	A1
A100122_v01.txt_1.txt	주말 이야기	이태완에 갔습니다. 친구하고 같이 갔습니다. 이태완에서 사람이 많있습니다. 이태완네서 칙당에 갔습니다. 칙당에서 우유지 않고 마싰습니다. 칙당에서 아랍 음식을 먹었습니다. 아랍 음식을 맛있습니다. 지난 주말에 재미있었습니다.	50	A1
A100219_v02.txt_1.txt	주말 이야기	저는 토요일 오전에 왕밍 씨하고 영화를 봤습니다. 그리고 오후에 슈퍼마켓에 갔습니다. 슈퍼마겟에서 과일을 샀습니다. 일요일 아침에 저는 혼자 등산을 했습니다. 저녁에 숙제를 했습니다.	90	A1
A100065_v03.txt_1.txt	주말 이야기	저는 지난 주말에 명동에 갔습니다. 친구하고 명동에 갔습니다. 명동에 사람이 많았습니다. 그레고 명동에서 옷가게도 화장붐가게도 커피숍을 있습니다. 저는 옷을 샀습니다. 제 친구는 마저를 샀습니다. 위국인이 많았습니다. 그레고 한식을 먹었습니다.	80	A1
A100156_v01.txt_1.txt	주말 이야기	지난 주말에 친구하고 명동에 갔습니다. 명동에는 옷거게하고 식당이 많이 있었습니다. 그리고 관광객도 많이 있었습니다. 거기에서 비빔밥하고 케이크를 먹었습니다. 너무 맛있었습니다. 그리고 옷하고 구두를 샀습니다. 너무 샀습니다. 그리고 명동에는 좋은 커피숍이 있습니다. 커피가 너무 맛있습니다. 그래서 기분이 재미있었습니다.	90	A1
A100092_v01.txt_1.txt	주말 이야기	저는 지난 주말에 여동생하고 인사동에 갔습니다. 인사동에서 한국음식을 먹었습니다. 그리고 인사동에 영화관이 있습니다. 그레서 영화를 봤습니다. 영화가 재미있지 않았습니다. 저녁에 김치찌개르 먹었습니다. 인사동에 백화점이 있습니다. 옷하고 신발을 샀습니다. 기분이 좋습니다.	90	A1
A100106_v01.txt_1.txt	주말 이야기	지난 주말에 명동에 갔습니다. 여동생하고 어머니하고 갔습니다. 명동에는 가게가 많이 있습니다. 명동에서 옷을 샀습니다. 그리고 구두도 샀습니다. 기분은 재미있습니다.	80	A1
A100157_v02.txt_1.txt	주말 이야기	커피숍에 갔습니다. 친구하고 갔습니다. 커피숍에서 키피하고 주스하고 케이크가 있습니다. 친구하고 이야기 했습니다. 포조주수를 먹었습니다. 케이크도 먹었습니다. 아주 맛있습니다. 재미있었습니다.	80	A1
A100134_v03.txt_1.txt	주말 이야기	저는 지난 주말에 친구하고 홍대에 갔습니다. COEX도 갔습니다. 한식당에서 불고기를 먹었습니다. 아주 맛있었습니다. 커피숍에 갔습니다. 커피하고 빙수를 먹었습니다. 그리고 COEX에서 영화를 봤습니다. 일본영화를 봤습니다. 영화는 재미있었습니다. 지난 주말은 아주 재미있었습니다.	100	A1
A100110_v02.txt_1.txt	주말 이야기	지난 주말에 쇼핑을 했습니다. 친구 하고 같이 명동에 갔습니다. 친구가 구두를 사고 싶어했습니다. 구두가 너무 비쌌습니다. 저는 옷을 사고 싶었습니다. 옷이 안 예뻤습니다. 그래서 우리 밥을 먹었습니다. 저는 냉면을 먹었습니다. 친구가 비빔밥을 먹었습니다. 이 식당에 정말 맛있었습니다. 지난 주말에 우리 정말 행복했습니다.	90	A1
A100045_v01.txt_1.txt	주말 이야기	저는 지난 주말에 친구하고 교회에 갔습니다. 교회에서 이야가를 듣었습니다. 교회에서 식당이 있습니다. 거기에서 밥을 먹었습니다. 그리고 커피숍도 있습니다. 거기에서 아이스커피를 마셨습니다. 그리고 친구하고 이야기를 했습니다. 사진도 찍었습니다. 친구가 나에게 과자를 줬습니다. 그리고 우리는 공원에 갔습니다. 거기에서 호수를 봤습니다. 친구가 나에게 한국어를 가르쳤습니다. 기본이 너무 재미있었습니다.	80	A1
A100057_v03.txt_1.txt	주말 이야기	1.명동에 갔습니까? 2.동대문어 갔습니다? 비빔밥하고 심굪살을 먹어습니까?	0	A1
A100099_v01.txt_1.txt	주말 이야기	지난 주말에 오빠하고 바다에 갔습니다. 바다가 아주 지밌습니다. 저는 오빠하고 바다에서 수영을 핬습니다. 짐심에 저는 오빠하고 식당에서 밥을 먹었습니다. 생선도 먹었습니다. 전녁에 오빠하고 커피숍에서 커피를 마싰습니다. 커피가 아주 맛싰었습니다. 새변에 오빠하고 집에 도칙했습니다. 저는 오빠하고 영화를 입력불가습니다. 오전 열시에 저는 잤습니다.	90	A1
A100030_v02.txt_1.txt	주말 이야기	명동에 밴화적이 있습니다. 주믈에 친구하고 같이 명동에 샀습니다. 밴화적에 옷하고 모자가 많습니다. 밴화적에서 모자를 사고 싶습니다. 밴화적에 모자가 예쁩니다. 저는 모자가 샀습니다. 하지만 모가가 비쌌습니다. 조금 피곤했지만 아주 즐거웠습니다.	80	A1
A100223_v02.txt_1.txt	주말 이야기	지난 주말에 여동생하고 서점에 갔습니다. 서점에 책하고 잡지가 많았습니다. 사람도 많았습니다. 사람들이 서점에서 책을 읽었습니다. 저는 사고 싶은 잡지를 샀습니다. 기분이 아주 좋았습니다. 그리고 저하고 여동생 배고프지 않았습니다. 그래서 집에 갔습니다.	90	A1
A100143_v02.txt_1.txt	주말 이야기	집에 갔습니다. 친고하고 갔습니다. 어기에는 밥을 먹습니다. 어기에는 운공화를 했습니다. 제 기분이 도모 총하합니다.	40	A1
A100156_v02.txt_1.txt	주말 이야기	이번 주말에 홍대하고 강남에 갔습니다. 친구하고 같이 갔습니다. 홍대는에 가게가 많이 있습니다. 옷가게도 있습니다. 그리고 노래방도 많이 있습니다. 친구하고 같이 옷을 봤습니다. 그리고 노래방에서 노래를 불렀습니다. 노래를 부른 다음에 친구하고 같이 강남에 갔습니다. 강남 식당에서 밥을 먹었습니다. 재미 있었습니다. 그런데 조금 비쌌습니다. 그리고 피곤했습니다.	90	A1
A100114_v02.txt_1.txt	주말 이야기	지난 주말에 친구하고 명동에서 쇼핑을 했습니다. 한국어하고 영어를 썼습니다. 우리는 같이 옷을 샀습니다. 그리고 바지를 샀습니다. 명동에 사람과 화장품이 많습니다. 명동이 백화점보다 쌉니다. 저는 명동에서 공향친구를 만났습니다. 우리는 같이 커피숍에서 커피를 마셨습니다. 이반 주말에 친구하고 같이 인왕산에 등산을 가고 싶습니다.	90	A1
A100248_v02.txt_1.txt	주말 이야기	명동에 잤습니다. 친구하고 갔습니다. 명동에서 영화관하고 커피숍을 있습니다. 음식을 재미있습니다. 친구하고 영화을 봤니다. 지하철을 팁니다. 옷을 쌉니다. 구두도 예쁩니다. 쇼핑을 좋아합니다.	70	A1
A100005_v01.txt_1.txt	주말 이야기	삼점동에 갔습니다. 일본 친구하고 갔습니다. 커피숍이 많습니다. 커피숍에서 커피를 마셨습니다. 케이크도 먹었습니다. 기분이 행복했습니다. 공원에 갔습니다. 강이지하고 갔습니다. 공원에 아이가 있습니다. 꽃도 있습니다. 공원에서 강이지하고 산책을 했습니다. 기분이 재미있었습니다.	90	A1
A100044_v02.txt_1.txt	주말 이야기	주엇을 영동에서 갑니다. 제 친구하고 가티 갑니다. 영동에서 사람을 많습니다. 식당이 많습니다. 은행이 많습니다. 우리 쇼핑해요. 옷을 삽니다. 식당에지 않막아요.	40	A1
A100088_v01.txt_1.txt	주말 이야기	주말에 친구하고 명동에 갑니다. 명동에서 옷을 삽니다. 치마를 아주 좋아합니다. 제 친구 치마를 입지 않습니다. 그리고 다음주에 다른 친구하고 같이 명동에서 치마를 삽니다. 지금 친구하고 쇼핑을 합니다. 명동에서 중국사람이 많습니다. 음식을 아주 많습니다. 제 친구를 옷을 사고 싶습니다. 그리고 옷 키가에 갑니다. 친구하고 밥을 먹습니다. 불고기를 먹고 싶습니다. 그리고 불고기를 갑니다. 일곱씨에 칩에 갑니다. 오늘 재미있었습니다.	70	A1
A100232_v02.txt_1.txt	주말 이야기	지난 주말에 친구하고 같이 명동에 갔습니다. 명동에서 백화점이 많습니다. 그리고 외국 사람도 많았습니다. 저는 백화점에서 치마를 샀습니다. 백화점 옆에 한국 식당이 많았습니다. 저는 친구하고 같이 비빔빕을 먹었습니다. 아주 맛있았습니다. 그라서 기분이 좋았습니다. 명동에 도 가고 싶습니다.	90	A1
A100140_v01.txt_1.txt	주말 이야기	지난 주말 토요일에 아침에 늦게 이러나서 밥이 먹지않았습니다. 점심에 한국음식을 먹었습니다. 오호에 명동에 친구하고 만났습니다. 친구하고 영화를 봤습니다. 일요일에 남동생하고 공원에 갔습니다. 공원에서 자전거를 탔습니다. 저녁에 우리 집에서 게임을 했습니다. 기분이 좋아핬습니다.	70	A1
A100162_v01.txt_1.txt	주말 이야기	저는 지난 주말에 서울타워에 갔습니다. 서울타워는 서울에서 가장 유명한 장소였습니다. 반 친구하고 선생님은 같이 갔습니다. 저기는 나무하고 단풍이 있었습니다. 외국인도 많이 있었습니다. 우리는 서울타워에서 구경를 했고 사진을 찍었습니다. 그리고 야경이 아름다웠습니다. 그래서 기분이 아주 좋았습니다.	90	A1
A100134_v01.txt_1.txt	주말 이야기	지난 주말에 저는 명동에 갔습니다. 저는 친구하고 명동에 갔습니다. 명동에서 가게가 많습니다. 그리고 웃가게가 많습니다. 저는 웃을 샀습니다. 저는 친구하고 식당에 갔습니다. 식당에서 한국어 음식을 먹었습니다. 저는 커피를 마섰습니다. 제 친구는 커피를 마시지 않았습니다. 집에 탁시를 탔습니다.	70	A1
A100198_v02.txt_1.txt	주말 이야기	저는 지난 주말에 친구를 만났습니다. 친구가 홍콩에서 왔습니다. 우리 같이 명동에 갔습니다. 친구하고 한식 집에서 점심을 먹었습니다. 한국 음식이 아주 맛있었습니다. 그 다음 백화점에 갔습니다. 친구가 옷을 샀습니다. 구두도 샀습니다. 백화점 지하 1층에 식당하고 구두도 샀습니다. 백화점 지하 1층에 식당하고 마트가 있습니다. 우리 아이스크림을 먹고 마트에서 쇼핑을 했습니다. 저는 기분 좋아했습니다.	90	A1
A100164_v01.txt_1.txt	주말 이야기	지난 주말에 일본에 갔습니다. 일본은 제 고향입니다. 제 가적이 있습니다. 토요일에 일했습니다. 일요일에 가적을 만났습니다. 친구도 만났습니다. 친구하고 커피숍에서 많이 이야기를 했습니다. 그래서 기분이 좋아했습니다. 하지만 약석이 많이 있었어 피곤했습니다.	90	A1
A100192_v02.txt_1.txt	주말 이야기	주말에 도우미를 만났습니다. 우리는 한국 식당에 갔습니다. 한국 식당에서 비빔밥을 먹었습니다. 음식이 너무 맛있었습니다. 도우미하고 이야기를 많이 했습니다. 재미있었습니다. 다음 주말에도 도우미를 만납니다. 또 한국 음식을 먹고 싶습니다. 그리고 서울 타워에도 가고 싶습니다.	80	A1
A100015_v03.txt_1.txt	주말 이야기	지난 주말에 동물원에 갔습니다. 동물원은 서울대공원역 근처에 있습니다. 친구하고 동물원에 갔습니다. 동물원은 사자가 있습니다. 그리고 호랑이도 있습니다. 동물원에서 친구하고 동물을 봤습니다. 그리고 친구하고 밥을 먹습니다. 동물원은 재미있었습니다.	80	A1
A100253_v02.txt_1.txt	주말 이야기	슈퍼마겟에 갔습니다. 커피숍에 아버지하고 갔습니다. 커피를 마싰습니다. 카이크도 먹있습니다. 커피숍에서 보스를 탔습니다. 커피숍에서 카이크를 삐샀습니다. 커피숍에 텔레페전은 없있습니다. 커피숍에서 책을 읽있습니다. 커피숍에 의자는 있있습니다. 책생을도 있있습니다.	80	A1
A100027_v01.txt_1.txt	주말 이야기	지나주 일요일에 혼자 점심이 끝낸후에 위키하고 커피숍에 같이 갔습니다. 우리 세 시 반에 동대문 지하철역앞에 만났습니다. 우리 두 사람도 늦지 않았습니다. 커피숍에서 핫초코를 마셨습니다. 네 시부터 두 시까지 우리 커피숍에서 공부하고 이야기를 했습니다. 일요일있어서 커피숍에 사람이 많았습니다. 핫초코를 마셨은 후에 한식집에 갔습니다. 우리 김밥을 먹고 싶지만 이 식당에 김밥이 없습니다. 김밥 있었으면 좋겠습니다. 하지만 우리 홍콩은 이야기가 많아서 기분이 시원했습니다. 이야기를 끝낸후에 집에 갔은떄 홍콩에 돌아가고 싶습니다.	80	A1
A100040_v02.txt_1.txt	주말 이야기	저하고 여자친구가 명동에 갔습니다. 명동에 옷가게가 하고 배화장에 있습니다. 제 여자찬구가 옷가게에서고 싶어했습니다. 옷가게에 옷을 않습니다. 명동에 중국대한색을 않습니다. 중국대한생이 한국에 공부하닙니다. 저하고 여자친구가 커피를 맜습니다. 촣아했니다!	60	A1
A100240_v02.txt_1.txt	주말 이야기	저는 친구하고 명동에 갔습니다. 명동에서 옷을 많이 있습니다. 구도하고 머자도 있습니다. 케피솝에 갔습니다. 제가 친자 커피는 촣아합니다. 고래서 기분이 아추 촣압니다. 하지만 제 친구는 커피를 시로합니다. 매일 친구 이야기 합니다. "커피는 마시없지 않습니다." 그레서 메일메일 우유를 삽니다.	60	A1
A100048_v01.txt_1.txt	주말 이야기	지난 주말에 저는 맥주하우스하고 식당에 갔습니다. 제 친구들하고 갔습니다. 거기에는 많이 사람들이 있습니다. 많이 한국 음식도 있습니다. 거기에서 저는 술을 마셨습니다. 지난 주말 참 재미있습니다.	80	A1
A100006_v02.txt_1.txt	주말 이야기	어제는 친구하고 같이 경희대학교를 갔습니다. 나무는 많았습니다. 학생이 많았습니다. 꽃이 많았습니다. 교실이 많았습니다. 색상에 많았습니다. 교실에서 공붰습니다. 나는 좋아했습니다.	60	A1
A100029_v03.txt_1.txt	주말 이야기	주마레 동대문에 갔습니다. 친구하고 같이 갔습니다. 쇼핑을 하고 싶어서 갔습니다. 동대문은 옷가게가 않습니다. 옷가게에서 치마하고 구두를 샀습니다. 가방도 샀습니다. 그리고 카페에 갔습니다. 이야기를 많이 많이 했습니다. 너무 재미있었습니다. 또 가고 싶습니다.	90	A1
A100052_v01.txt_1.txt	주말 이야기	지난주말에 한공강원에 갔습니다. 친구하고 갔습니다. 거기에서 자전거를 닸습니다. 거기에서 나무하고 꽃이 있습니다. 기문이 어땠습니다. 친구하고 같이 거기에서 과자를 먹었습니다. 거기에서 책일 읽었습다. 친구하고 같이 축구를 했습니다. 친구하고 같이 카피를 마셨습니다.	80	A1
A100139_v02.txt_1.txt	주말 이야기	백화점에갔습니다. 칙구하고갔습니다. 백화점에옷이 많았습니다. 옷이 있었습니다. 구두도 있었습니다. 커피숍에서 커피를 샀습니다. 재미있었습니다.	70	A1
A100019_v03.txt_1.txt	주말 이야기	지난 주말에 동대문에 갔습니다. 나문하고 자야도 같이 갔습니다. 동대문에서 옷을 샀습니다. 그리고 밥을 먹습니다. 영화를 봤습니다. 진짜 재미있어습니다. 하지만 날씨가 춥습니다. 비가 왔습니다.	70	A1
A100272_v02.txt_1.txt	주말 이야기	지난 주말에 홍대에 갔었습니다. 저는 친구하고 만았었습니다. 홍대에 옷가게는 많았습니다. 저는 친구하고 식당에서 밥를 먹었습니다. 그리고, 쇼핑은 했었습니다. 치마를 샀었습니다. 구두를 사지 않았습니다.	70	A1
A100075_v01.txt_1.txt	주말 이야기	저는 지난 주말에 공원에 갔습니다. 친구하고 잩이 갔습니다. 공원에서 꽇이하고 나무가 있었습니다. 의지지만많습니다. 공원에서 자전거를 탔습니다. 그리고, 친구하고 이야기를 했습니다. 여섯시에 친구하고 같이 빵을 먹었습니다. 저는 아주 좋아했습니다.	80	A1
A100084_v02.txt_1.txt	주말 이야기	지난 주말에 신사동에 갔습니다. 친구하고 갔습니다. 신사동에는 가방가게 하고 옷가게가있습니다. 그리고 신발 가게하고 식당이도 있습니다. 저는 옷을 사고 싶었습니다. 친구는 가방을 사고싶었습니다. 그래서 우리 신사동에서 옷 하고 가방을 찾았습니다. 하지만 저는 옷가게에서 예쁜 옷을 못 찾았습니다. 기분이 좀 나빴습니다. 근데 주말에 친구하고 쇼핑을 했습니다. 아주 재미있습니다. 그래서 괜찮습니다!	80	A1
A100144_v02.txt_1.txt	주말 이야기	남산에 갔습니다. 진구하고 선생님 나보이있어요. 꽃도 있어요.	40	A1
A100069_v01.txt_1.txt	주말 이야기	오늘 친구하고 명동에 갑니다. 명동에서 옷 가계하고 사람이 있습니다. 명동에서 사람이 많습니다. 자주 친구하고 옷을 삽니다. 피곤합니다. 커피숍에서 커피을 마십니다. 케이크을 먹습니다. 제가 케이크를 너무 좋아합니다. 하지만 명동에서 볼펜을 사지 않습니다. 지난주 주말에 친구하고 영화관에 갔습니다. 영화를 보고 싶었습니다. 기분이 너무 좋아합니다.	80	A1
A100154_v02.txt_1.txt	주말 이야기	저는 필리핀에서 갔습니다. 저 친구하고 갔습니다. 교실에 의자를 있습니까, 책상도 있습니다. 가방에 공책을 있습니다. 책도 있습니다. 백화점에서 가방하고 구두를 했습니다. 집에 갔습니다. 커피숍에서 커피를 마셔요.	50	A1
A100225_v02.txt_1.txt	주말 이야기	저는 지난주 토요일에 명동에서 친구를 만났습니다. 그리고 옷가게에서 옷하고 바지하고 모자를 샀습니다. 그리고 식당에서 음식을 먹지 않았습니다. 그래서 영화관에서 영화를 봈고 재미있었습니다. 고리고 집에 잤습니다. 일요일에 공원에서 운동을 핬습니다. 그리고 커퍼숍에서 한국어를 공부핬습니다.	80	A1
A100217_v02.txt_1.txt	주말 이야기	저는 토요일 오전 10시에 영화관에 갔습니다. 영화관에서 영화를 봤습니다. 영화가 재미있었습니다. 그리고 오후 5시에 슈퍼마켓에 가서 사과와 포도를 샀습니다. 일요일 아침에 등산을 했습니다. 그리고 저녁에 공부를 하고 숙제를 했습니다.	100	A1
A100013_v01.txt_1.txt	주말 이야기	지난 주말에 명동에 갔습니다. 제 친구를 만났습니다. 명동에서 쇼핑을 합니다. 모자하고 구두 삽니다. 식당이 많습니다. 그레서 사람이도 많습니다. 명동에서 밥을 벅습니다. 저는 삼겹살을 먹습니다. 그레서 삼겹살 식당에 갔어요.	70	A1
